2026/09/29 22:34:23.632, 4 %, 0 MiB
2026/09/29 22:35:23.644, 0 %, 0 MiB
2026/09/29 22:36:23.651, 0 %, 0 MiB
2026/09/29 22:37:23.661, 97 %, 9560 MiB
2026/09/29 22:38:23.667, 100 %, 9560 MiB
2026/09/29 22:39:23.674, 100 %, 9562 MiB
2026/09/29 22:40:23.681, 91 %, 9562 MiB
2026/09/29 22:41:23.688, 100 %, 9562 MiB
2026/09/29 22:42:23.695, 93 %, 9562 MiB
2026/09/29 22:43:23.702, 92 %, 9562 MiB
2026/09/29 22:44:23.708, 100 %, 9562 MiB
2026/09/29 22:45:23.714, 100 %, 9562 MiB
2026/09/29 22:46:23.721, 97 %, 9562 MiB
2026/09/29 22:47:23.727, 92 %, 9562 MiB
2026/09/29 22:48:23.734, 92 %, 9562 MiB
2026/09/29 22:49:23.741, 92 %, 9562 MiB
2026/09/29 22:50:23.748, 94 %, 9562 MiB
2026/09/29 22:51:23.755, 0 %, 9658 MiB
2026/09/29 22:52:23.762, 89 %, 9658 MiB
2026/09/29 22:53:23.769, 92 %, 9658 MiB
2026/09/29 22:54:23.775, 92 %, 9658 MiB
2026/09/29 22:55:23.782, 98 %, 9658 MiB
2026/09/29 22:56:23.789, 92 %, 9658 MiB
2026/09/29 22:57:23.795, 97 %, 9658 MiB
2026/09/29 22:58:23.803, 91 %, 9658 MiB
2026/09/29 22:59:23.810, 100 %, 9658 MiB
2026/09/29 23:00:23.817, 92 %, 9658 MiB
2026/09/29 23:01:23.824, 92 %, 9658 MiB
2026/09/29 23:02:23.831, 97 %, 9658 MiB
2026/09/29 23:03:23.838, 92 %, 9658 MiB
2026/09/29 23:04:23.844, 92 %, 9658 MiB
2026/09/29 23:05:23.851, 91 %, 9658 MiB
2026/09/29 23:06:23.858, 92 %, 9658 MiB
2026/09/29 23:07:23.865, 91 %, 9658 MiB
2026/09/29 23:08:23.872, 93 %, 9658 MiB
2026/09/29 23:09:23.879, 93 %, 9658 MiB
2026/09/29 23:10:23.886, 92 %, 9658 MiB
2026/09/29 23:11:23.892, 97 %, 9658 MiB
2026/09/29 23:12:23.899, 92 %, 9658 MiB
2026/09/29 23:13:23.905, 92 %, 9658 MiB
2026/09/29 23:14:23.912, 92 %, 9658 MiB
2026/09/29 23:15:23.919, 100 %, 9658 MiB
2026/09/29 23:16:23.925, 98 %, 9658 MiB
2026/09/29 23:17:23.932, 92 %, 9658 MiB
2026/09/29 23:18:23.939, 92 %, 9658 MiB
2026/09/29 23:19:23.945, 97 %, 9658 MiB
2026/09/29 23:20:23.952, 100 %, 9658 MiB
2026/09/29 23:21:23.958, 98 %, 9658 MiB
2026/09/29 23:22:23.965, 91 %, 9658 MiB
2026/09/29 23:23:23.972, 92 %, 9658 MiB
2026/09/29 23:24:23.979, 97 %, 9658 MiB
2026/09/29 23:25:23.986, 92 %, 9658 MiB
2026/09/29 23:26:23.993, 100 %, 9658 MiB
2026/09/29 23:27:24.000, 93 %, 9658 MiB
2026/09/29 23:28:24.007, 97 %, 9658 MiB
2026/09/29 23:29:24.014, 91 %, 9658 MiB
2026/09/29 23:30:24.020, 92 %, 9658 MiB
2026/09/29 23:31:24.027, 100 %, 9658 MiB
2026/09/29 23:32:24.033, 100 %, 9658 MiB
2026/09/29 23:33:24.040, 93 %, 9658 MiB
2026/09/29 23:34:24.046, 97 %, 9658 MiB
2026/09/29 23:35:24.053, 92 %, 9658 MiB
2026/09/29 23:36:24.060, 98 %, 9658 MiB
2026/09/29 23:37:24.067, 100 %, 9658 MiB
2026/09/29 23:38:24.073, 92 %, 9658 MiB
2026/09/29 23:39:24.080, 97 %, 9658 MiB
2026/09/29 23:40:24.087, 92 %, 9658 MiB
2026/09/29 23:41:24.094, 97 %, 9658 MiB
2026/09/29 23:42:24.101, 88 %, 9658 MiB
2026/09/29 23:43:24.108, 97 %, 9658 MiB
2026/09/29 23:44:24.114, 100 %, 9658 MiB
2026/09/29 23:45:24.121, 100 %, 9658 MiB
2026/09/29 23:46:24.128, 97 %, 9658 MiB
2026/09/29 23:47:24.134, 97 %, 9658 MiB
2026/09/29 23:48:24.141, 92 %, 9658 MiB
2026/09/29 23:49:24.148, 91 %, 9658 MiB
2026/09/29 23:50:24.155, 0 %, 9658 MiB
2026/09/29 23:51:24.162, 97 %, 9658 MiB
2026/09/29 23:52:24.168, 93 %, 9658 MiB
2026/09/29 23:53:24.175, 92 %, 9658 MiB
2026/09/29 23:54:24.182, 98 %, 9658 MiB
2026/09/29 23:55:24.189, 92 %, 9658 MiB
2026/09/29 23:56:24.196, 93 %, 9658 MiB
2026/09/29 23:57:24.202, 98 %, 9658 MiB
2026/09/29 23:58:24.210, 97 %, 9658 MiB
2026/09/29 23:59:24.216, 100 %, 9658 MiB
2026/09/30 00:00:24.223, 0 %, 9658 MiB
2026/09/30 00:01:24.230, 97 %, 9658 MiB
2026/09/30 00:02:24.237, 91 %, 9658 MiB
2026/09/30 00:03:24.244, 100 %, 9658 MiB
2026/09/30 00:04:24.251, 91 %, 9658 MiB
2026/09/30 00:05:24.258, 0 %, 9658 MiB
2026/09/30 00:06:24.268, 92 %, 9658 MiB
2026/09/30 00:07:24.275, 95 %, 14744 MiB
2026/09/30 00:08:24.282, 96 %, 17680 MiB
2026/09/30 00:09:24.289, 98 %, 9658 MiB
2026/09/30 00:10:24.295, 0 %, 0 MiB
2026/09/30 00:11:24.302, 0 %, 0 MiB
2026/09/30 00:12:24.309, 0 %, 0 MiB
2026/09/30 00:13:24.316, 0 %, 0 MiB
2026/09/30 00:14:24.322, 0 %, 0 MiB
2026/09/30 00:15:24.329, 100 %, 10084 MiB
2026/09/30 00:16:24.336, 91 %, 10084 MiB
2026/09/30 00:17:24.343, 100 %, 10084 MiB
2026/09/30 00:18:24.350, 98 %, 10084 MiB
2026/09/30 00:19:24.356, 92 %, 10084 MiB
2026/09/30 00:20:24.363, 92 %, 10084 MiB
2026/09/30 00:21:24.370, 93 %, 10084 MiB
2026/09/30 00:22:24.376, 95 %, 10084 MiB
2026/09/30 00:23:24.383, 100 %, 10084 MiB
2026/09/30 00:24:24.390, 92 %, 10084 MiB
2026/09/30 00:25:24.397, 97 %, 10086 MiB
2026/09/30 00:26:24.404, 97 %, 10086 MiB
2026/09/30 00:27:24.410, 92 %, 10086 MiB
2026/09/30 00:28:24.417, 92 %, 10086 MiB
2026/09/30 00:29:24.424, 0 %, 10086 MiB
2026/09/30 00:30:24.431, 100 %, 10086 MiB
2026/09/30 00:31:24.437, 100 %, 10086 MiB
2026/09/30 00:32:24.445, 100 %, 10086 MiB
2026/09/30 00:33:24.451, 100 %, 10086 MiB
2026/09/30 00:34:24.458, 0 %, 10086 MiB
2026/09/30 00:35:24.465, 100 %, 10086 MiB
2026/09/30 00:36:24.472, 98 %, 10086 MiB
2026/09/30 00:37:24.479, 88 %, 10086 MiB
2026/09/30 00:38:24.486, 92 %, 10086 MiB
2026/09/30 00:39:24.493, 92 %, 10086 MiB
2026/09/30 00:40:24.500, 98 %, 10086 MiB
2026/09/30 00:41:24.507, 99 %, 10086 MiB
2026/09/30 00:42:24.514, 100 %, 10086 MiB
2026/09/30 00:43:24.520, 92 %, 10086 MiB
2026/09/30 00:44:24.527, 91 %, 10086 MiB
2026/09/30 00:45:24.533, 93 %, 10086 MiB
2026/09/30 00:46:24.540, 97 %, 10086 MiB
2026/09/30 00:47:24.547, 91 %, 10086 MiB
2026/09/30 00:48:24.555, 97 %, 10086 MiB
2026/09/30 00:49:24.561, 92 %, 10086 MiB
2026/09/30 00:50:24.568, 92 %, 10086 MiB
2026/09/30 00:51:24.574, 92 %, 10086 MiB
2026/09/30 00:52:24.581, 94 %, 10086 MiB
2026/09/30 00:53:24.587, 92 %, 10086 MiB
2026/09/30 00:54:24.594, 92 %, 10086 MiB
2026/09/30 00:55:24.601, 92 %, 10086 MiB
2026/09/30 00:56:24.608, 92 %, 10086 MiB
2026/09/30 00:57:24.614, 100 %, 10086 MiB
2026/09/30 00:58:24.621, 92 %, 10086 MiB
2026/09/30 00:59:24.629, 97 %, 10086 MiB
2026/09/30 01:00:24.635, 100 %, 10086 MiB
2026/09/30 01:01:24.642, 93 %, 10086 MiB
2026/09/30 01:02:24.648, 92 %, 10086 MiB
2026/09/30 01:03:24.655, 100 %, 10086 MiB
2026/09/30 01:04:24.662, 7 %, 10086 MiB
2026/09/30 01:05:24.668, 100 %, 10086 MiB
2026/09/30 01:06:24.675, 100 %, 10086 MiB
2026/09/30 01:07:24.682, 93 %, 10086 MiB
2026/09/30 01:08:24.688, 100 %, 10086 MiB
2026/09/30 01:09:24.695, 92 %, 10086 MiB
2026/09/30 01:10:24.702, 99 %, 10086 MiB
2026/09/30 01:11:24.709, 92 %, 10086 MiB
2026/09/30 01:12:24.715, 100 %, 10086 MiB
2026/09/30 01:13:24.722, 91 %, 10086 MiB
2026/09/30 01:14:24.729, 100 %, 10086 MiB
2026/09/30 01:15:24.736, 93 %, 10086 MiB
2026/09/30 01:16:24.742, 98 %, 10086 MiB
2026/09/30 01:17:24.749, 92 %, 10086 MiB
2026/09/30 01:18:24.755, 100 %, 10086 MiB
2026/09/30 01:19:24.762, 97 %, 10086 MiB
2026/09/30 01:20:24.769, 100 %, 10086 MiB
2026/09/30 01:21:24.775, 97 %, 10086 MiB
2026/09/30 01:22:24.782, 100 %, 10086 MiB
2026/09/30 01:23:24.789, 91 %, 10086 MiB
2026/09/30 01:24:24.795, 93 %, 10086 MiB
2026/09/30 01:25:24.802, 94 %, 10086 MiB
2026/09/30 01:26:24.808, 92 %, 10086 MiB
2026/09/30 01:27:24.815, 92 %, 10086 MiB
2026/09/30 01:28:24.822, 92 %, 10086 MiB
2026/09/30 01:29:24.829, 92 %, 10086 MiB
2026/09/30 01:30:24.836, 100 %, 10086 MiB
2026/09/30 01:31:24.843, 92 %, 10086 MiB
2026/09/30 01:32:24.850, 100 %, 10086 MiB
2026/09/30 01:33:24.857, 94 %, 10086 MiB
2026/09/30 01:34:24.864, 93 %, 10086 MiB
2026/09/30 01:35:24.870, 100 %, 10086 MiB
2026/09/30 01:36:24.878, 93 %, 10086 MiB
2026/09/30 01:37:24.884, 100 %, 10086 MiB
2026/09/30 01:38:24.891, 100 %, 10086 MiB
2026/09/30 01:39:24.897, 99 %, 10086 MiB
2026/09/30 01:40:24.904, 97 %, 10086 MiB
2026/09/30 01:41:24.911, 92 %, 10086 MiB
2026/09/30 01:42:24.917, 100 %, 10086 MiB
2026/09/30 01:43:24.924, 91 %, 10086 MiB
2026/09/30 01:44:24.931, 91 %, 10086 MiB
2026/09/30 01:45:24.938, 92 %, 10086 MiB
2026/09/30 01:46:24.944, 100 %, 10086 MiB
2026/09/30 01:47:24.952, 91 %, 10086 MiB
2026/09/30 01:48:24.959, 92 %, 10086 MiB
2026/09/30 01:49:24.965, 93 %, 10086 MiB
2026/09/30 01:50:24.972, 97 %, 10086 MiB
2026/09/30 01:51:24.979, 92 %, 10086 MiB
2026/09/30 01:52:24.985, 92 %, 10086 MiB
2026/09/30 01:53:24.992, 93 %, 10086 MiB
2026/09/30 01:54:24.999, 96 %, 10086 MiB
2026/09/30 01:55:25.006, 93 %, 10086 MiB
2026/09/30 01:56:25.013, 92 %, 10086 MiB
2026/09/30 01:57:25.020, 92 %, 10086 MiB
2026/09/30 01:58:25.026, 91 %, 10086 MiB
2026/09/30 01:59:25.033, 100 %, 10086 MiB
2026/09/30 02:00:25.040, 97 %, 10086 MiB
2026/09/30 02:01:25.046, 92 %, 10086 MiB
2026/09/30 02:02:25.053, 100 %, 10086 MiB
2026/09/30 02:03:25.059, 91 %, 10086 MiB
2026/09/30 02:04:25.066, 98 %, 10086 MiB
2026/09/30 02:05:25.073, 92 %, 10086 MiB
2026/09/30 02:06:25.079, 91 %, 10086 MiB
2026/09/30 02:07:25.086, 92 %, 10086 MiB
2026/09/30 02:08:25.093, 100 %, 10086 MiB
2026/09/30 02:09:25.100, 92 %, 10086 MiB
2026/09/30 02:10:25.106, 100 %, 10086 MiB
2026/09/30 02:11:25.113, 97 %, 10086 MiB
2026/09/30 02:12:25.120, 97 %, 10086 MiB
2026/09/30 02:13:25.127, 92 %, 10086 MiB
2026/09/30 02:14:25.134, 92 %, 10086 MiB
2026/09/30 02:15:25.140, 100 %, 10086 MiB
2026/09/30 02:16:25.147, 92 %, 10086 MiB
2026/09/30 02:17:25.154, 92 %, 10086 MiB
2026/09/30 02:18:25.161, 84 %, 10086 MiB
2026/09/30 02:19:25.167, 100 %, 10086 MiB
2026/09/30 02:20:25.174, 97 %, 10086 MiB
2026/09/30 02:21:25.181, 97 %, 10086 MiB
2026/09/30 02:22:25.188, 92 %, 10086 MiB
2026/09/30 02:23:25.195, 100 %, 10086 MiB
2026/09/30 02:24:25.202, 92 %, 10086 MiB
2026/09/30 02:25:25.209, 91 %, 10086 MiB
2026/09/30 02:26:25.216, 92 %, 10086 MiB
2026/09/30 02:27:25.223, 93 %, 10086 MiB
2026/09/30 02:28:25.230, 93 %, 10086 MiB
2026/09/30 02:29:25.236, 92 %, 10086 MiB
2026/09/30 02:30:25.243, 100 %, 10086 MiB
2026/09/30 02:31:25.249, 100 %, 10086 MiB
2026/09/30 02:32:25.256, 97 %, 10086 MiB
2026/09/30 02:33:25.262, 92 %, 10086 MiB
2026/09/30 02:34:25.269, 98 %, 10086 MiB
2026/09/30 02:35:25.277, 91 %, 10086 MiB
2026/09/30 02:36:25.284, 100 %, 10086 MiB
2026/09/30 02:37:25.290, 100 %, 10086 MiB
2026/09/30 02:38:25.297, 100 %, 10086 MiB
2026/09/30 02:39:25.304, 93 %, 10086 MiB
2026/09/30 02:40:25.310, 100 %, 10086 MiB
2026/09/30 02:41:25.318, 92 %, 10086 MiB
2026/09/30 02:42:25.325, 91 %, 10086 MiB
2026/09/30 02:43:25.331, 100 %, 10086 MiB
2026/09/30 02:44:25.338, 92 %, 10086 MiB
2026/09/30 02:45:25.345, 100 %, 10086 MiB
2026/09/30 02:46:25.352, 97 %, 10086 MiB
2026/09/30 02:47:25.358, 100 %, 10086 MiB
2026/09/30 02:48:25.365, 0 %, 10086 MiB
2026/09/30 02:49:25.372, 92 %, 10086 MiB
2026/09/30 02:50:25.378, 98 %, 10086 MiB
2026/09/30 02:51:25.385, 92 %, 10086 MiB
2026/09/30 02:52:25.392, 97 %, 10086 MiB
2026/09/30 02:53:25.399, 100 %, 10086 MiB
2026/09/30 02:54:25.406, 93 %, 10086 MiB
2026/09/30 02:55:25.412, 100 %, 10086 MiB
2026/09/30 02:56:25.419, 97 %, 10086 MiB
2026/09/30 02:57:25.426, 100 %, 10086 MiB
2026/09/30 02:58:25.432, 100 %, 10086 MiB
2026/09/30 02:59:25.438, 92 %, 10086 MiB
2026/09/30 03:00:25.445, 91 %, 10086 MiB
2026/09/30 03:01:25.452, 92 %, 10086 MiB
2026/09/30 03:02:25.459, 92 %, 10086 MiB
2026/09/30 03:03:25.466, 100 %, 10086 MiB
2026/09/30 03:04:25.472, 100 %, 10086 MiB
2026/09/30 03:05:25.478, 97 %, 10086 MiB
2026/09/30 03:06:25.485, 92 %, 10086 MiB
2026/09/30 03:07:25.492, 92 %, 10086 MiB
2026/09/30 03:08:25.499, 92 %, 10086 MiB
2026/09/30 03:09:25.506, 93 %, 10086 MiB
2026/09/30 03:10:25.512, 91 %, 10086 MiB
2026/09/30 03:11:25.519, 92 %, 10086 MiB
2026/09/30 03:12:25.526, 92 %, 10086 MiB
2026/09/30 03:13:25.532, 100 %, 10086 MiB
2026/09/30 03:14:25.539, 97 %, 10086 MiB
2026/09/30 03:15:25.545, 98 %, 10086 MiB
2026/09/30 03:16:25.551, 97 %, 10086 MiB
2026/09/30 03:17:25.559, 97 %, 10086 MiB
2026/09/30 03:18:25.565, 100 %, 10086 MiB
2026/09/30 03:19:25.572, 92 %, 10086 MiB
2026/09/30 03:20:25.579, 92 %, 10086 MiB
2026/09/30 03:21:25.586, 100 %, 10086 MiB
2026/09/30 03:22:25.593, 91 %, 10086 MiB
2026/09/30 03:23:25.600, 92 %, 10086 MiB
2026/09/30 03:24:25.606, 94 %, 10086 MiB
2026/09/30 03:25:25.613, 92 %, 10086 MiB
2026/09/30 03:26:25.620, 92 %, 10086 MiB
2026/09/30 03:27:25.627, 100 %, 10086 MiB
2026/09/30 03:28:25.634, 92 %, 10086 MiB
2026/09/30 03:29:25.641, 97 %, 10086 MiB
2026/09/30 03:30:25.648, 93 %, 10086 MiB
2026/09/30 03:31:25.655, 100 %, 10086 MiB
2026/09/30 03:32:25.661, 98 %, 10086 MiB
2026/09/30 03:33:25.668, 92 %, 10086 MiB
2026/09/30 03:34:25.674, 93 %, 10086 MiB
2026/09/30 03:35:25.681, 97 %, 10086 MiB
2026/09/30 03:36:25.688, 97 %, 10086 MiB
2026/09/30 03:37:25.694, 92 %, 10086 MiB
2026/09/30 03:38:25.701, 91 %, 10086 MiB
2026/09/30 03:39:25.708, 92 %, 10086 MiB
2026/09/30 03:40:25.715, 98 %, 10086 MiB
2026/09/30 03:41:25.722, 91 %, 10086 MiB
2026/09/30 03:42:25.728, 91 %, 10086 MiB
2026/09/30 03:43:25.735, 100 %, 10086 MiB
2026/09/30 03:44:25.742, 100 %, 10086 MiB
2026/09/30 03:45:25.749, 100 %, 10086 MiB
2026/09/30 03:46:25.755, 92 %, 10086 MiB
2026/09/30 03:47:25.762, 100 %, 10086 MiB
2026/09/30 03:48:25.769, 97 %, 10086 MiB
2026/09/30 03:49:25.776, 90 %, 10086 MiB
2026/09/30 03:50:25.783, 97 %, 10086 MiB
2026/09/30 03:51:25.789, 100 %, 10086 MiB
2026/09/30 03:52:25.795, 100 %, 10086 MiB
2026/09/30 03:53:25.802, 99 %, 10086 MiB
2026/09/30 03:54:25.808, 92 %, 10086 MiB
2026/09/30 03:55:25.815, 92 %, 10086 MiB
2026/09/30 03:56:25.822, 92 %, 10086 MiB
2026/09/30 03:57:25.829, 92 %, 10086 MiB
2026/09/30 03:58:25.835, 100 %, 10086 MiB
2026/09/30 03:59:25.842, 93 %, 10086 MiB
2026/09/30 04:00:25.849, 99 %, 10086 MiB
2026/09/30 04:01:25.855, 91 %, 10086 MiB
2026/09/30 04:02:25.863, 93 %, 10086 MiB
2026/09/30 04:03:25.869, 100 %, 10086 MiB
2026/09/30 04:04:25.876, 100 %, 10086 MiB
2026/09/30 04:05:25.883, 96 %, 10086 MiB
2026/09/30 04:06:25.890, 97 %, 10086 MiB
2026/09/30 04:07:25.896, 100 %, 10086 MiB
2026/09/30 04:08:25.903, 92 %, 10086 MiB
2026/09/30 04:09:25.910, 92 %, 10086 MiB
2026/09/30 04:10:25.917, 91 %, 10086 MiB
2026/09/30 04:11:25.924, 100 %, 10086 MiB
2026/09/30 04:12:25.930, 100 %, 10086 MiB
2026/09/30 04:13:25.937, 97 %, 10086 MiB
2026/09/30 04:14:25.943, 97 %, 10086 MiB
2026/09/30 04:15:25.950, 92 %, 10086 MiB
2026/09/30 04:16:25.957, 91 %, 10086 MiB
2026/09/30 04:17:25.963, 100 %, 10086 MiB
2026/09/30 04:18:25.970, 100 %, 10086 MiB
2026/09/30 04:19:25.978, 92 %, 10086 MiB
2026/09/30 04:20:25.984, 96 %, 10086 MiB
2026/09/30 04:21:25.991, 92 %, 10086 MiB
2026/09/30 04:22:25.998, 92 %, 10086 MiB
2026/09/30 04:23:26.004, 91 %, 10086 MiB
2026/09/30 04:24:26.012, 93 %, 10086 MiB
2026/09/30 04:25:26.018, 93 %, 10086 MiB
2026/09/30 04:26:26.025, 97 %, 10086 MiB
2026/09/30 04:27:26.032, 93 %, 10086 MiB
2026/09/30 04:28:26.039, 92 %, 10086 MiB
2026/09/30 04:29:26.046, 92 %, 10086 MiB
2026/09/30 04:30:26.052, 94 %, 10086 MiB
2026/09/30 04:31:26.058, 92 %, 10086 MiB
2026/09/30 04:32:26.065, 98 %, 10086 MiB
2026/09/30 04:33:26.072, 100 %, 10086 MiB
2026/09/30 04:34:26.079, 93 %, 10086 MiB
2026/09/30 04:35:26.086, 100 %, 10086 MiB
2026/09/30 04:36:26.093, 99 %, 10086 MiB
2026/09/30 04:37:26.100, 93 %, 10086 MiB
2026/09/30 04:38:26.107, 92 %, 10086 MiB
2026/09/30 04:39:26.114, 100 %, 10086 MiB
2026/09/30 04:40:26.122, 92 %, 10086 MiB
2026/09/30 04:41:26.128, 92 %, 10086 MiB
2026/09/30 04:42:26.135, 92 %, 10086 MiB
2026/09/30 04:43:26.142, 91 %, 10086 MiB
2026/09/30 04:44:26.149, 92 %, 10086 MiB
2026/09/30 04:45:26.156, 100 %, 10086 MiB
2026/09/30 04:46:26.163, 93 %, 10086 MiB
2026/09/30 04:47:26.170, 93 %, 10086 MiB
2026/09/30 04:48:26.177, 91 %, 10086 MiB
2026/09/30 04:49:26.184, 96 %, 10086 MiB
2026/09/30 04:50:26.191, 86 %, 10086 MiB
2026/09/30 04:51:26.197, 93 %, 10086 MiB
2026/09/30 04:52:26.204, 97 %, 10086 MiB
2026/09/30 04:53:26.211, 92 %, 10086 MiB
2026/09/30 04:54:26.218, 100 %, 10086 MiB
2026/09/30 04:55:26.224, 100 %, 10086 MiB
2026/09/30 04:56:26.231, 92 %, 10086 MiB
2026/09/30 04:57:26.237, 100 %, 10086 MiB
2026/09/30 04:58:26.244, 100 %, 10086 MiB
2026/09/30 04:59:26.251, 93 %, 10086 MiB
2026/09/30 05:00:26.258, 96 %, 10086 MiB
2026/09/30 05:01:26.265, 92 %, 10086 MiB
2026/09/30 05:02:26.272, 92 %, 10086 MiB
2026/09/30 05:03:26.279, 92 %, 10086 MiB
2026/09/30 05:04:26.286, 97 %, 10086 MiB
2026/09/30 05:05:26.293, 91 %, 10086 MiB
2026/09/30 05:06:26.299, 94 %, 10086 MiB
2026/09/30 05:07:26.306, 92 %, 10086 MiB
2026/09/30 05:08:26.312, 98 %, 10086 MiB
2026/09/30 05:09:26.318, 94 %, 10086 MiB
2026/09/30 05:10:26.325, 100 %, 10086 MiB
2026/09/30 05:11:26.332, 0 %, 10086 MiB
2026/09/30 05:12:26.340, 88 %, 10086 MiB
2026/09/30 05:13:26.347, 97 %, 10086 MiB
2026/09/30 05:14:26.354, 97 %, 10086 MiB
2026/09/30 05:15:26.361, 93 %, 10086 MiB
2026/09/30 05:16:26.368, 93 %, 10086 MiB
2026/09/30 05:17:26.375, 100 %, 10086 MiB
2026/09/30 05:18:26.381, 93 %, 10086 MiB
2026/09/30 05:19:26.389, 100 %, 10086 MiB
2026/09/30 05:20:26.396, 92 %, 10086 MiB
2026/09/30 05:21:26.402, 92 %, 10086 MiB
2026/09/30 05:22:26.409, 92 %, 10086 MiB
2026/09/30 05:23:26.416, 100 %, 10086 MiB
2026/09/30 05:24:26.423, 100 %, 10086 MiB
2026/09/30 05:25:26.430, 92 %, 10086 MiB
2026/09/30 05:26:26.437, 99 %, 10086 MiB
2026/09/30 05:27:26.444, 92 %, 10086 MiB
2026/09/30 05:28:26.451, 97 %, 10086 MiB
2026/09/30 05:29:26.458, 100 %, 10086 MiB
2026/09/30 05:30:26.465, 100 %, 10086 MiB
2026/09/30 05:31:26.472, 98 %, 10086 MiB
2026/09/30 05:32:26.478, 91 %, 10086 MiB
2026/09/30 05:33:26.485, 92 %, 10086 MiB
2026/09/30 05:34:26.492, 97 %, 10086 MiB
2026/09/30 05:35:26.499, 97 %, 10086 MiB
2026/09/30 05:36:26.506, 91 %, 10086 MiB
2026/09/30 05:37:26.512, 92 %, 10086 MiB
2026/09/30 05:38:26.519, 92 %, 10086 MiB
2026/09/30 05:39:26.525, 92 %, 10086 MiB
2026/09/30 05:40:26.532, 93 %, 10086 MiB
2026/09/30 05:41:26.539, 93 %, 10086 MiB
2026/09/30 05:42:26.545, 91 %, 10086 MiB
2026/09/30 05:43:26.552, 91 %, 10086 MiB
2026/09/30 05:44:26.559, 93 %, 10086 MiB
2026/09/30 05:45:26.566, 91 %, 10086 MiB
2026/09/30 05:46:26.573, 97 %, 10086 MiB
2026/09/30 05:47:26.579, 97 %, 10086 MiB
2026/09/30 05:48:26.586, 92 %, 10086 MiB
2026/09/30 05:49:26.593, 91 %, 10086 MiB
2026/09/30 05:50:26.600, 99 %, 10086 MiB
2026/09/30 05:51:26.607, 100 %, 10086 MiB
2026/09/30 05:52:26.614, 91 %, 10086 MiB
2026/09/30 05:53:26.620, 98 %, 10086 MiB
2026/09/30 05:54:26.627, 98 %, 10086 MiB
2026/09/30 05:55:26.634, 92 %, 10086 MiB
2026/09/30 05:56:26.641, 100 %, 10086 MiB
2026/09/30 05:57:26.648, 93 %, 10086 MiB
2026/09/30 05:58:26.655, 91 %, 10086 MiB
2026/09/30 05:59:26.662, 98 %, 10086 MiB
2026/09/30 06:00:26.669, 0 %, 10086 MiB
2026/09/30 06:01:26.676, 91 %, 10086 MiB
2026/09/30 06:02:26.683, 100 %, 10086 MiB
2026/09/30 06:03:26.690, 97 %, 10086 MiB
2026/09/30 06:04:26.696, 92 %, 10086 MiB
2026/09/30 06:05:26.703, 100 %, 10086 MiB
2026/09/30 06:06:26.710, 89 %, 10086 MiB
2026/09/30 06:07:26.716, 100 %, 10086 MiB
2026/09/30 06:08:26.723, 97 %, 10086 MiB
2026/09/30 06:09:26.730, 92 %, 10086 MiB
2026/09/30 06:10:26.737, 91 %, 10086 MiB
2026/09/30 06:11:26.744, 92 %, 10086 MiB
2026/09/30 06:12:26.751, 92 %, 10086 MiB
2026/09/30 06:13:26.758, 92 %, 10086 MiB
2026/09/30 06:14:26.765, 100 %, 10086 MiB
2026/09/30 06:15:26.772, 92 %, 10086 MiB
2026/09/30 06:16:26.779, 92 %, 10086 MiB
2026/09/30 06:17:26.786, 93 %, 10086 MiB
2026/09/30 06:18:26.793, 91 %, 10086 MiB
2026/09/30 06:19:26.800, 92 %, 10086 MiB
2026/09/30 06:20:26.807, 92 %, 10086 MiB
2026/09/30 06:21:26.814, 92 %, 10086 MiB
2026/09/30 06:22:26.820, 92 %, 10086 MiB
2026/09/30 06:23:26.827, 97 %, 10086 MiB
2026/09/30 06:24:26.834, 97 %, 10086 MiB
2026/09/30 06:25:26.840, 100 %, 10086 MiB
2026/09/30 06:26:26.847, 92 %, 10086 MiB
2026/09/30 06:27:26.855, 98 %, 10086 MiB
2026/09/30 06:28:26.862, 100 %, 10086 MiB
2026/09/30 06:29:26.868, 100 %, 10086 MiB
2026/09/30 06:30:26.875, 92 %, 10086 MiB
2026/09/30 06:31:26.881, 93 %, 10086 MiB
2026/09/30 06:32:26.888, 92 %, 10086 MiB
2026/09/30 06:33:26.895, 100 %, 10086 MiB
2026/09/30 06:34:26.902, 90 %, 10086 MiB
2026/09/30 06:35:26.908, 92 %, 10086 MiB
2026/09/30 06:36:26.915, 100 %, 10086 MiB
2026/09/30 06:37:26.922, 100 %, 10086 MiB
2026/09/30 06:38:26.929, 92 %, 10086 MiB
2026/09/30 06:39:26.935, 94 %, 10086 MiB
2026/09/30 06:40:26.942, 98 %, 10086 MiB
2026/09/30 06:41:26.949, 93 %, 10086 MiB
2026/09/30 06:42:26.956, 100 %, 10086 MiB
2026/09/30 06:43:26.962, 92 %, 10086 MiB
2026/09/30 06:44:26.969, 98 %, 10086 MiB
2026/09/30 06:45:26.976, 93 %, 10086 MiB
2026/09/30 06:46:26.983, 92 %, 10086 MiB
2026/09/30 06:47:26.989, 93 %, 10086 MiB
2026/09/30 06:48:26.996, 92 %, 10086 MiB
2026/09/30 06:49:27.002, 100 %, 10086 MiB
2026/09/30 06:50:27.009, 100 %, 10086 MiB
2026/09/30 06:51:27.016, 97 %, 10086 MiB
2026/09/30 06:52:27.023, 92 %, 10086 MiB
2026/09/30 06:53:27.030, 92 %, 10086 MiB
2026/09/30 06:54:27.036, 100 %, 10086 MiB
2026/09/30 06:55:27.043, 93 %, 10086 MiB
2026/09/30 06:56:27.049, 92 %, 10086 MiB
2026/09/30 06:57:27.056, 100 %, 10086 MiB
2026/09/30 06:58:27.062, 97 %, 10086 MiB
2026/09/30 06:59:27.069, 97 %, 10086 MiB
2026/09/30 07:00:27.075, 92 %, 10086 MiB
2026/09/30 07:01:27.082, 91 %, 10086 MiB
2026/09/30 07:02:27.089, 92 %, 10086 MiB
2026/09/30 07:03:27.096, 100 %, 10086 MiB
2026/09/30 07:04:27.102, 93 %, 10086 MiB
2026/09/30 07:05:27.109, 100 %, 10086 MiB
2026/09/30 07:06:27.115, 89 %, 10086 MiB
2026/09/30 07:07:27.122, 92 %, 10086 MiB
2026/09/30 07:08:27.129, 100 %, 10086 MiB
2026/09/30 07:09:27.135, 100 %, 10086 MiB
2026/09/30 07:10:27.142, 96 %, 10086 MiB
2026/09/30 07:11:27.148, 92 %, 10086 MiB
2026/09/30 07:12:27.155, 92 %, 10086 MiB
2026/09/30 07:13:27.162, 97 %, 10086 MiB
2026/09/30 07:14:27.169, 97 %, 10086 MiB
2026/09/30 07:15:27.176, 99 %, 10086 MiB
2026/09/30 07:16:27.182, 96 %, 10086 MiB
2026/09/30 07:17:27.189, 100 %, 10086 MiB
2026/09/30 07:18:27.196, 100 %, 10086 MiB
2026/09/30 07:19:27.202, 100 %, 10086 MiB
2026/09/30 07:20:27.209, 94 %, 10086 MiB
2026/09/30 07:21:27.215, 93 %, 10086 MiB
2026/09/30 07:22:27.222, 91 %, 10086 MiB
2026/09/30 07:23:27.229, 97 %, 10086 MiB
2026/09/30 07:24:27.236, 88 %, 10086 MiB
2026/09/30 07:25:27.243, 94 %, 10086 MiB
2026/09/30 07:26:27.250, 92 %, 10086 MiB
2026/09/30 07:27:27.257, 91 %, 10086 MiB
2026/09/30 07:28:27.263, 91 %, 10086 MiB
2026/09/30 07:29:27.270, 97 %, 10086 MiB
2026/09/30 07:30:27.276, 92 %, 10086 MiB
2026/09/30 07:31:27.283, 92 %, 10086 MiB
2026/09/30 07:32:27.290, 92 %, 10086 MiB
2026/09/30 07:33:27.298, 100 %, 10086 MiB
2026/09/30 07:34:27.304, 93 %, 10086 MiB
2026/09/30 07:35:27.311, 97 %, 10086 MiB
2026/09/30 07:36:27.318, 97 %, 10086 MiB
2026/09/30 07:37:27.324, 100 %, 10086 MiB
2026/09/30 07:38:27.331, 92 %, 10086 MiB
2026/09/30 07:39:27.338, 92 %, 10086 MiB
2026/09/30 07:40:27.344, 92 %, 10086 MiB
2026/09/30 07:41:27.351, 93 %, 10086 MiB
2026/09/30 07:42:27.359, 98 %, 10086 MiB
2026/09/30 07:43:27.365, 93 %, 10086 MiB
2026/09/30 07:44:27.372, 92 %, 10086 MiB
2026/09/30 07:45:27.379, 98 %, 10086 MiB
2026/09/30 07:46:27.386, 92 %, 10086 MiB
2026/09/30 07:47:27.393, 92 %, 10086 MiB
2026/09/30 07:48:27.400, 100 %, 10086 MiB
2026/09/30 07:49:27.407, 97 %, 10086 MiB
2026/09/30 07:50:27.414, 90 %, 10086 MiB
2026/09/30 07:51:27.420, 100 %, 10086 MiB
2026/09/30 07:52:27.427, 100 %, 10086 MiB
2026/09/30 07:53:27.434, 93 %, 10086 MiB
2026/09/30 07:54:27.440, 94 %, 10086 MiB
2026/09/30 07:55:27.447, 93 %, 10086 MiB
2026/09/30 07:56:27.454, 92 %, 10086 MiB
2026/09/30 07:57:27.461, 100 %, 10086 MiB
2026/09/30 07:58:27.468, 100 %, 10086 MiB
2026/09/30 07:59:27.475, 100 %, 10086 MiB
2026/09/30 08:00:27.482, 93 %, 10086 MiB
2026/09/30 08:01:27.489, 100 %, 10086 MiB
2026/09/30 08:02:27.496, 91 %, 10086 MiB
2026/09/30 08:03:27.503, 0 %, 10086 MiB
2026/09/30 08:04:27.509, 93 %, 10086 MiB
2026/09/30 08:05:27.517, 91 %, 10086 MiB
2026/09/30 08:06:27.524, 92 %, 10086 MiB
2026/09/30 08:07:27.530, 98 %, 10086 MiB
2026/09/30 08:08:27.537, 92 %, 10086 MiB
2026/09/30 08:09:27.544, 92 %, 10086 MiB
2026/09/30 08:10:27.550, 92 %, 10086 MiB
2026/09/30 08:11:27.556, 93 %, 10086 MiB
2026/09/30 08:12:27.563, 92 %, 10086 MiB
2026/09/30 08:13:27.570, 91 %, 10086 MiB
2026/09/30 08:14:27.577, 93 %, 10086 MiB
2026/09/30 08:15:27.584, 100 %, 10086 MiB
2026/09/30 08:16:27.591, 92 %, 10086 MiB
2026/09/30 08:17:27.598, 97 %, 10086 MiB
2026/09/30 08:18:27.604, 92 %, 10086 MiB
2026/09/30 08:19:27.611, 91 %, 10086 MiB
2026/09/30 08:20:27.617, 97 %, 10086 MiB
2026/09/30 08:21:27.624, 97 %, 10086 MiB
2026/09/30 08:22:27.631, 100 %, 10086 MiB
2026/09/30 08:23:27.637, 98 %, 10086 MiB
2026/09/30 08:24:27.645, 91 %, 10086 MiB
2026/09/30 08:25:27.651, 100 %, 10086 MiB
2026/09/30 08:26:27.658, 92 %, 10086 MiB
2026/09/30 08:27:27.664, 91 %, 10086 MiB
2026/09/30 08:28:27.671, 98 %, 10086 MiB
2026/09/30 08:29:27.678, 97 %, 10086 MiB
2026/09/30 08:30:27.685, 92 %, 10086 MiB
2026/09/30 08:31:27.691, 99 %, 10086 MiB
2026/09/30 08:32:27.697, 92 %, 10086 MiB
2026/09/30 08:33:27.704, 92 %, 10086 MiB
2026/09/30 08:34:27.711, 97 %, 10086 MiB
2026/09/30 08:35:27.718, 98 %, 10086 MiB
2026/09/30 08:36:27.725, 93 %, 10086 MiB
2026/09/30 08:37:27.732, 100 %, 10086 MiB
2026/09/30 08:38:27.739, 96 %, 10086 MiB
2026/09/30 08:39:27.746, 92 %, 10086 MiB
2026/09/30 08:40:27.752, 100 %, 10086 MiB
2026/09/30 08:41:27.759, 97 %, 10086 MiB
2026/09/30 08:42:27.766, 91 %, 10086 MiB
2026/09/30 08:43:27.772, 91 %, 10086 MiB
2026/09/30 08:44:27.780, 91 %, 10086 MiB
2026/09/30 08:45:27.787, 92 %, 10086 MiB
2026/09/30 08:46:27.794, 97 %, 10086 MiB
2026/09/30 08:47:27.801, 100 %, 10086 MiB
2026/09/30 08:48:27.808, 97 %, 10086 MiB
2026/09/30 08:49:27.814, 100 %, 10086 MiB
2026/09/30 08:50:27.821, 92 %, 10086 MiB
2026/09/30 08:51:27.829, 100 %, 10086 MiB
2026/09/30 08:52:27.836, 98 %, 10086 MiB
2026/09/30 08:53:27.843, 92 %, 10086 MiB
2026/09/30 08:54:27.849, 98 %, 10086 MiB
2026/09/30 08:55:27.856, 93 %, 10086 MiB
2026/09/30 08:56:27.863, 100 %, 10086 MiB
2026/09/30 08:57:27.870, 97 %, 10086 MiB
2026/09/30 08:58:27.876, 92 %, 10086 MiB
2026/09/30 08:59:27.883, 100 %, 10086 MiB
2026/09/30 09:00:27.890, 92 %, 10086 MiB
2026/09/30 09:01:27.896, 93 %, 10086 MiB
2026/09/30 09:02:27.903, 100 %, 10086 MiB
2026/09/30 09:03:27.910, 100 %, 10086 MiB
2026/09/30 09:04:27.917, 94 %, 10086 MiB
2026/09/30 09:05:27.924, 100 %, 10086 MiB
2026/09/30 09:06:27.931, 93 %, 10086 MiB
2026/09/30 09:07:27.937, 93 %, 10086 MiB
2026/09/30 09:08:27.944, 94 %, 10086 MiB
2026/09/30 09:09:27.951, 99 %, 10086 MiB
2026/09/30 09:10:27.957, 97 %, 10086 MiB
2026/09/30 09:11:27.964, 92 %, 10086 MiB
2026/09/30 09:12:27.971, 99 %, 10086 MiB
2026/09/30 09:13:27.977, 100 %, 10086 MiB
2026/09/30 09:14:27.984, 92 %, 10086 MiB
2026/09/30 09:15:27.991, 94 %, 10086 MiB
2026/09/30 09:16:27.997, 92 %, 10086 MiB
2026/09/30 09:17:28.004, 7 %, 10086 MiB
2026/09/30 09:18:28.012, 92 %, 10086 MiB
2026/09/30 09:19:28.018, 100 %, 10086 MiB
2026/09/30 09:20:28.025, 97 %, 10086 MiB
2026/09/30 09:21:28.032, 92 %, 10086 MiB
2026/09/30 09:22:28.039, 97 %, 10086 MiB
2026/09/30 09:23:28.046, 91 %, 10086 MiB
2026/09/30 09:24:28.053, 93 %, 10086 MiB
2026/09/30 09:25:28.059, 97 %, 10086 MiB
2026/09/30 09:26:28.066, 93 %, 10086 MiB
2026/09/30 09:27:28.073, 100 %, 10086 MiB
2026/09/30 09:28:28.080, 92 %, 10086 MiB
2026/09/30 09:29:28.087, 92 %, 10086 MiB
2026/09/30 09:30:28.094, 100 %, 10086 MiB
2026/09/30 09:31:28.100, 92 %, 10086 MiB
2026/09/30 09:32:28.107, 92 %, 10086 MiB
2026/09/30 09:33:28.114, 99 %, 10086 MiB
2026/09/30 09:34:28.121, 91 %, 10086 MiB
2026/09/30 09:35:28.128, 97 %, 10086 MiB
2026/09/30 09:36:28.134, 92 %, 10086 MiB
2026/09/30 09:37:28.141, 93 %, 10086 MiB
2026/09/30 09:38:28.148, 97 %, 10086 MiB
2026/09/30 09:39:28.155, 97 %, 10086 MiB
2026/09/30 09:40:28.162, 92 %, 10086 MiB
2026/09/30 09:41:28.169, 92 %, 10086 MiB
2026/09/30 09:42:28.175, 93 %, 10086 MiB
2026/09/30 09:43:28.182, 92 %, 10086 MiB
2026/09/30 09:44:28.189, 92 %, 10086 MiB
2026/09/30 09:45:28.196, 92 %, 10086 MiB
2026/09/30 09:46:28.202, 93 %, 10086 MiB
2026/09/30 09:47:28.209, 91 %, 10086 MiB
2026/09/30 09:48:28.216, 92 %, 10086 MiB
2026/09/30 09:49:28.223, 100 %, 10086 MiB
2026/09/30 09:50:28.230, 97 %, 10086 MiB
2026/09/30 09:51:28.237, 97 %, 10086 MiB
2026/09/30 09:52:28.244, 92 %, 10086 MiB
2026/09/30 09:53:28.251, 91 %, 10086 MiB
2026/09/30 09:54:28.257, 97 %, 10086 MiB
2026/09/30 09:55:28.263, 98 %, 10086 MiB
2026/09/30 09:56:28.270, 94 %, 10086 MiB
2026/09/30 09:57:28.277, 98 %, 10086 MiB
2026/09/30 09:58:28.284, 97 %, 10086 MiB
2026/09/30 09:59:28.291, 92 %, 10086 MiB
2026/09/30 10:00:28.298, 100 %, 10086 MiB
2026/09/30 10:01:28.305, 97 %, 10086 MiB
2026/09/30 10:02:28.312, 100 %, 10086 MiB
2026/09/30 10:03:28.319, 92 %, 10086 MiB
2026/09/30 10:04:28.326, 91 %, 10086 MiB
2026/09/30 10:05:28.332, 92 %, 10086 MiB
2026/09/30 10:06:28.339, 92 %, 10086 MiB
2026/09/30 10:07:28.346, 94 %, 10086 MiB
2026/09/30 10:08:28.353, 100 %, 10086 MiB
2026/09/30 10:09:28.359, 92 %, 10086 MiB
2026/09/30 10:10:28.366, 100 %, 10086 MiB
2026/09/30 10:11:28.372, 97 %, 10086 MiB
2026/09/30 10:12:28.380, 93 %, 10086 MiB
2026/09/30 10:13:28.387, 92 %, 10086 MiB
2026/09/30 10:14:28.393, 100 %, 10086 MiB
2026/09/30 10:15:28.400, 92 %, 10086 MiB
2026/09/30 10:16:28.408, 91 %, 10086 MiB
2026/09/30 10:17:28.415, 92 %, 10086 MiB
2026/09/30 10:18:28.422, 100 %, 10086 MiB
2026/09/30 10:19:28.429, 91 %, 10086 MiB
2026/09/30 10:20:28.435, 93 %, 10086 MiB
2026/09/30 10:21:28.442, 100 %, 10086 MiB
2026/09/30 10:22:28.449, 97 %, 10086 MiB
2026/09/30 10:23:28.456, 92 %, 10086 MiB
2026/09/30 10:24:28.463, 100 %, 10086 MiB
2026/09/30 10:25:28.470, 93 %, 10086 MiB
2026/09/30 10:26:28.476, 92 %, 10086 MiB
2026/09/30 10:27:28.482, 97 %, 10086 MiB
2026/09/30 10:28:28.490, 92 %, 10086 MiB
2026/09/30 10:29:28.497, 100 %, 10086 MiB
2026/09/30 10:30:28.504, 92 %, 10086 MiB
2026/09/30 10:31:28.511, 0 %, 10086 MiB
2026/09/30 10:32:28.518, 92 %, 10086 MiB
2026/09/30 10:33:28.524, 97 %, 10086 MiB
2026/09/30 10:34:28.531, 98 %, 10086 MiB
2026/09/30 10:35:28.538, 92 %, 10086 MiB
2026/09/30 10:36:28.544, 97 %, 10086 MiB
2026/09/30 10:37:28.551, 92 %, 10086 MiB
2026/09/30 10:38:28.558, 100 %, 10086 MiB
2026/09/30 10:39:28.565, 100 %, 10086 MiB
2026/09/30 10:40:28.572, 93 %, 10086 MiB
2026/09/30 10:41:28.579, 96 %, 10086 MiB
2026/09/30 10:42:28.586, 91 %, 10086 MiB
2026/09/30 10:43:28.593, 100 %, 10086 MiB
2026/09/30 10:44:28.600, 97 %, 10086 MiB
2026/09/30 10:45:28.607, 92 %, 10086 MiB
2026/09/30 10:46:28.614, 92 %, 10086 MiB
2026/09/30 10:47:28.621, 97 %, 10086 MiB
2026/09/30 10:48:28.628, 91 %, 10086 MiB
2026/09/30 10:49:28.634, 99 %, 10086 MiB
2026/09/30 10:50:28.641, 97 %, 10086 MiB
2026/09/30 10:51:28.647, 92 %, 10086 MiB
2026/09/30 10:52:28.654, 92 %, 10086 MiB
2026/09/30 10:53:28.661, 100 %, 10086 MiB
2026/09/30 10:54:28.667, 94 %, 10086 MiB
2026/09/30 10:55:28.674, 100 %, 10086 MiB
2026/09/30 10:56:28.681, 97 %, 10086 MiB
2026/09/30 10:57:28.688, 97 %, 10086 MiB
2026/09/30 10:58:28.696, 91 %, 10086 MiB
2026/09/30 10:59:28.703, 97 %, 10086 MiB
2026/09/30 11:00:28.709, 92 %, 10086 MiB
2026/09/30 11:01:28.716, 94 %, 10086 MiB
2026/09/30 11:02:28.722, 100 %, 10086 MiB
2026/09/30 11:03:28.729, 99 %, 10086 MiB
2026/09/30 11:04:28.736, 100 %, 10086 MiB
2026/09/30 11:05:28.742, 97 %, 10086 MiB
2026/09/30 11:06:28.749, 100 %, 10086 MiB
2026/09/30 11:07:28.756, 100 %, 10086 MiB
2026/09/30 11:08:28.762, 93 %, 10086 MiB
2026/09/30 11:09:28.769, 92 %, 10086 MiB
2026/09/30 11:10:28.776, 100 %, 10086 MiB
2026/09/30 11:11:28.783, 97 %, 10086 MiB
2026/09/30 11:12:28.791, 97 %, 10086 MiB
2026/09/30 11:13:28.797, 92 %, 10086 MiB
2026/09/30 11:14:28.804, 100 %, 10086 MiB
2026/09/30 11:15:28.811, 93 %, 10086 MiB
2026/09/30 11:16:28.818, 94 %, 10086 MiB
2026/09/30 11:17:28.825, 92 %, 10086 MiB
2026/09/30 11:18:28.831, 100 %, 10086 MiB
2026/09/30 11:19:28.838, 100 %, 10086 MiB
2026/09/30 11:20:28.844, 89 %, 10086 MiB
2026/09/30 11:21:28.851, 92 %, 10086 MiB
2026/09/30 11:22:28.858, 100 %, 10086 MiB
2026/09/30 11:23:28.865, 100 %, 10086 MiB
2026/09/30 11:24:28.872, 92 %, 10086 MiB
2026/09/30 11:25:28.879, 100 %, 10086 MiB
2026/09/30 11:26:28.886, 91 %, 10086 MiB
2026/09/30 11:27:28.893, 98 %, 10086 MiB
2026/09/30 11:28:28.899, 92 %, 10086 MiB
2026/09/30 11:29:28.906, 98 %, 10086 MiB
2026/09/30 11:30:28.912, 91 %, 10086 MiB
2026/09/30 11:31:28.919, 93 %, 10086 MiB
2026/09/30 11:32:28.926, 86 %, 10086 MiB
2026/09/30 11:33:28.932, 92 %, 10086 MiB
2026/09/30 11:34:28.939, 97 %, 10086 MiB
2026/09/30 11:35:28.946, 100 %, 10086 MiB
2026/09/30 11:36:28.953, 97 %, 10086 MiB
2026/09/30 11:37:28.960, 97 %, 10086 MiB
2026/09/30 11:38:28.966, 94 %, 10086 MiB
2026/09/30 11:39:28.973, 91 %, 10086 MiB
2026/09/30 11:40:28.980, 92 %, 10086 MiB
2026/09/30 11:41:28.987, 93 %, 10086 MiB
2026/09/30 11:42:28.994, 92 %, 10086 MiB
2026/09/30 11:43:29.000, 100 %, 10086 MiB
2026/09/30 11:44:29.007, 97 %, 10086 MiB
2026/09/30 11:45:29.013, 0 %, 10086 MiB
2026/09/30 11:46:29.020, 93 %, 10086 MiB
2026/09/30 11:47:29.028, 97 %, 10086 MiB
2026/09/30 11:48:29.034, 97 %, 10086 MiB
2026/09/30 11:49:29.041, 92 %, 10086 MiB
2026/09/30 11:50:29.048, 91 %, 10086 MiB
2026/09/30 11:51:29.055, 97 %, 10086 MiB
2026/09/30 11:52:29.062, 97 %, 10086 MiB
2026/09/30 11:53:29.069, 97 %, 10086 MiB
2026/09/30 11:54:29.076, 98 %, 10086 MiB
2026/09/30 11:55:29.083, 97 %, 10086 MiB
2026/09/30 11:56:29.090, 100 %, 10086 MiB
2026/09/30 11:57:29.096, 91 %, 10086 MiB
2026/09/30 11:58:29.103, 100 %, 10086 MiB
2026/09/30 11:59:29.110, 100 %, 10086 MiB
2026/09/30 12:00:29.117, 100 %, 10086 MiB
2026/09/30 12:01:29.124, 91 %, 10086 MiB
2026/09/30 12:02:29.131, 92 %, 10086 MiB
2026/09/30 12:03:29.137, 92 %, 10086 MiB
2026/09/30 12:04:29.145, 100 %, 10086 MiB
2026/09/30 12:05:29.151, 100 %, 10086 MiB
2026/09/30 12:06:29.158, 99 %, 10086 MiB
2026/09/30 12:07:29.164, 91 %, 10086 MiB
2026/09/30 12:08:29.171, 92 %, 10086 MiB
2026/09/30 12:09:29.177, 97 %, 10086 MiB
2026/09/30 12:10:29.184, 100 %, 10086 MiB
2026/09/30 12:11:29.191, 97 %, 10086 MiB
2026/09/30 12:12:29.197, 98 %, 10086 MiB
2026/09/30 12:13:29.204, 92 %, 10086 MiB
2026/09/30 12:14:29.211, 100 %, 10086 MiB
2026/09/30 12:15:29.218, 97 %, 10086 MiB
2026/09/30 12:16:29.224, 93 %, 10086 MiB
2026/09/30 12:17:29.231, 91 %, 10086 MiB
2026/09/30 12:18:29.238, 97 %, 10086 MiB
2026/09/30 12:19:29.244, 93 %, 10086 MiB
2026/09/30 12:20:29.252, 100 %, 10086 MiB
2026/09/30 12:21:29.259, 92 %, 10086 MiB
2026/09/30 12:22:29.266, 97 %, 10086 MiB
2026/09/30 12:23:29.273, 97 %, 10086 MiB
2026/09/30 12:24:29.280, 92 %, 10086 MiB
2026/09/30 12:25:29.287, 93 %, 10086 MiB
2026/09/30 12:26:29.294, 91 %, 10086 MiB
2026/09/30 12:27:29.300, 92 %, 10086 MiB
2026/09/30 12:28:29.307, 92 %, 10086 MiB
2026/09/30 12:29:29.313, 91 %, 10086 MiB
2026/09/30 12:30:29.320, 97 %, 10086 MiB
2026/09/30 12:31:29.326, 97 %, 10086 MiB
2026/09/30 12:32:29.333, 100 %, 10086 MiB
2026/09/30 12:33:29.340, 92 %, 10086 MiB
2026/09/30 12:34:29.346, 100 %, 10086 MiB
2026/09/30 12:35:29.353, 93 %, 10086 MiB
2026/09/30 12:36:29.359, 96 %, 10086 MiB
2026/09/30 12:37:29.366, 100 %, 10086 MiB
2026/09/30 12:38:29.372, 94 %, 10086 MiB
2026/09/30 12:39:29.380, 97 %, 10086 MiB
2026/09/30 12:40:29.387, 100 %, 10086 MiB
2026/09/30 12:41:29.394, 94 %, 10086 MiB
2026/09/30 12:42:29.400, 92 %, 10086 MiB
2026/09/30 12:43:29.407, 100 %, 10086 MiB
2026/09/30 12:44:29.414, 91 %, 10086 MiB
2026/09/30 12:45:29.421, 91 %, 10086 MiB
2026/09/30 12:46:29.427, 100 %, 10086 MiB
2026/09/30 12:47:29.434, 92 %, 10086 MiB
2026/09/30 12:48:29.441, 92 %, 10086 MiB
2026/09/30 12:49:29.448, 100 %, 10086 MiB
2026/09/30 12:50:29.454, 92 %, 10086 MiB
2026/09/30 12:51:29.462, 92 %, 10086 MiB
2026/09/30 12:52:29.469, 97 %, 10086 MiB
2026/09/30 12:53:29.476, 97 %, 10086 MiB
2026/09/30 12:54:29.483, 92 %, 10086 MiB
2026/09/30 12:55:29.489, 100 %, 10086 MiB
2026/09/30 12:56:29.496, 100 %, 10086 MiB
2026/09/30 12:57:29.502, 92 %, 10086 MiB
2026/09/30 12:58:29.509, 94 %, 10086 MiB
2026/09/30 12:59:29.516, 0 %, 10086 MiB
2026/09/30 13:00:29.523, 91 %, 10086 MiB
2026/09/30 13:01:29.530, 97 %, 10086 MiB
2026/09/30 13:02:29.537, 92 %, 10086 MiB
2026/09/30 13:03:29.543, 92 %, 10086 MiB
2026/09/30 13:04:29.551, 100 %, 10086 MiB
2026/09/30 13:05:29.557, 97 %, 10086 MiB
2026/09/30 13:06:29.564, 100 %, 10086 MiB
2026/09/30 13:07:29.571, 94 %, 10086 MiB
2026/09/30 13:08:29.577, 91 %, 10086 MiB
2026/09/30 13:09:29.584, 97 %, 10086 MiB
2026/09/30 13:10:29.591, 92 %, 10086 MiB
2026/09/30 13:11:29.597, 92 %, 10086 MiB
2026/09/30 13:12:29.604, 100 %, 10086 MiB
2026/09/30 13:13:29.611, 100 %, 10086 MiB
2026/09/30 13:14:29.617, 97 %, 10086 MiB
2026/09/30 13:15:29.623, 97 %, 10086 MiB
2026/09/30 13:16:29.630, 97 %, 10086 MiB
2026/09/30 13:17:29.637, 100 %, 10086 MiB
2026/09/30 13:18:29.644, 92 %, 10086 MiB
2026/09/30 13:19:29.650, 97 %, 10086 MiB
2026/09/30 13:20:29.656, 98 %, 10086 MiB
2026/09/30 13:21:29.663, 97 %, 10086 MiB
2026/09/30 13:22:29.671, 100 %, 10086 MiB
2026/09/30 13:23:29.677, 90 %, 10086 MiB
2026/09/30 13:24:29.684, 100 %, 10086 MiB
2026/09/30 13:25:29.691, 92 %, 10086 MiB
2026/09/30 13:26:29.697, 92 %, 10086 MiB
2026/09/30 13:27:29.704, 100 %, 10086 MiB
2026/09/30 13:28:29.710, 92 %, 10086 MiB
2026/09/30 13:29:29.717, 92 %, 10086 MiB
2026/09/30 13:30:29.724, 97 %, 10086 MiB
2026/09/30 13:31:29.730, 97 %, 10086 MiB
2026/09/30 13:32:29.737, 92 %, 10086 MiB
2026/09/30 13:33:29.744, 90 %, 10086 MiB
2026/09/30 13:34:29.751, 92 %, 10086 MiB
2026/09/30 13:35:29.758, 94 %, 10086 MiB
2026/09/30 13:36:29.764, 93 %, 10086 MiB
2026/09/30 13:37:29.771, 100 %, 10086 MiB
2026/09/30 13:38:29.778, 92 %, 10086 MiB
2026/09/30 13:39:29.784, 92 %, 10086 MiB
2026/09/30 13:40:29.792, 88 %, 10086 MiB
2026/09/30 13:41:29.798, 97 %, 10086 MiB
2026/09/30 13:42:29.805, 91 %, 10086 MiB
2026/09/30 13:43:29.812, 97 %, 10086 MiB
2026/09/30 13:44:29.818, 91 %, 10086 MiB
2026/09/30 13:45:29.825, 98 %, 10086 MiB
2026/09/30 13:46:29.832, 97 %, 10086 MiB
2026/09/30 13:47:29.839, 100 %, 10086 MiB
2026/09/30 13:48:29.846, 92 %, 10086 MiB
2026/09/30 13:49:29.853, 91 %, 10086 MiB
2026/09/30 13:50:29.860, 100 %, 10086 MiB
2026/09/30 13:51:29.867, 93 %, 10086 MiB
2026/09/30 13:52:29.873, 91 %, 10086 MiB
2026/09/30 13:53:29.880, 97 %, 10086 MiB
2026/09/30 13:54:29.887, 100 %, 10086 MiB
2026/09/30 13:55:29.893, 92 %, 10086 MiB
2026/09/30 13:56:29.901, 91 %, 10086 MiB
2026/09/30 13:57:29.908, 98 %, 10086 MiB
2026/09/30 13:58:29.914, 97 %, 10086 MiB
2026/09/30 13:59:29.921, 91 %, 10086 MiB
2026/09/30 14:00:29.928, 97 %, 10086 MiB
2026/09/30 14:01:29.934, 100 %, 10086 MiB
2026/09/30 14:02:29.941, 92 %, 10086 MiB
2026/09/30 14:03:29.948, 98 %, 10086 MiB
2026/09/30 14:04:29.955, 100 %, 10086 MiB
2026/09/30 14:05:29.961, 100 %, 10086 MiB
2026/09/30 14:06:29.968, 92 %, 10086 MiB
2026/09/30 14:07:29.975, 92 %, 10086 MiB
2026/09/30 14:08:29.981, 92 %, 10086 MiB
2026/09/30 14:09:29.988, 91 %, 10086 MiB
2026/09/30 14:10:29.995, 97 %, 10086 MiB
2026/09/30 14:11:30.002, 100 %, 10086 MiB
2026/09/30 14:12:30.009, 92 %, 10086 MiB
2026/09/30 14:13:30.015, 100 %, 10086 MiB
2026/09/30 14:14:30.022, 94 %, 10086 MiB
2026/09/30 14:15:30.028, 99 %, 10086 MiB
2026/09/30 14:16:30.034, 100 %, 10086 MiB
2026/09/30 14:17:30.042, 92 %, 10086 MiB
2026/09/30 14:18:30.048, 100 %, 10086 MiB
2026/09/30 14:19:30.055, 100 %, 10086 MiB
2026/09/30 14:20:30.061, 92 %, 10086 MiB
2026/09/30 14:21:30.068, 98 %, 10086 MiB
2026/09/30 14:22:30.074, 100 %, 10086 MiB
2026/09/30 14:23:30.080, 100 %, 10086 MiB
2026/09/30 14:24:30.087, 92 %, 10086 MiB
2026/09/30 14:25:30.094, 100 %, 10086 MiB
2026/09/30 14:26:30.101, 92 %, 10086 MiB
2026/09/30 14:27:30.107, 100 %, 10086 MiB
2026/09/30 14:28:30.114, 95 %, 10086 MiB
2026/09/30 14:29:30.121, 100 %, 10086 MiB
2026/09/30 14:30:30.128, 97 %, 10086 MiB
2026/09/30 14:31:30.135, 92 %, 10086 MiB
2026/09/30 14:32:30.142, 92 %, 10086 MiB
2026/09/30 14:33:30.149, 100 %, 10086 MiB
2026/09/30 14:34:30.156, 94 %, 10086 MiB
2026/09/30 14:35:30.163, 88 %, 10086 MiB
2026/09/30 14:36:30.170, 97 %, 10086 MiB
2026/09/30 14:37:30.176, 100 %, 10086 MiB
2026/09/30 14:38:30.183, 100 %, 10086 MiB
2026/09/30 14:39:30.189, 100 %, 10086 MiB
2026/09/30 14:40:30.197, 100 %, 10086 MiB
2026/09/30 14:41:30.203, 97 %, 10086 MiB
2026/09/30 14:42:30.210, 93 %, 10086 MiB
2026/09/30 14:43:30.216, 97 %, 10086 MiB
2026/09/30 14:44:30.224, 93 %, 10086 MiB
2026/09/30 14:45:30.231, 92 %, 10086 MiB
2026/09/30 14:46:30.238, 98 %, 10086 MiB
2026/09/30 14:47:30.244, 98 %, 10086 MiB
2026/09/30 14:48:30.251, 97 %, 10086 MiB
2026/09/30 14:49:30.258, 94 %, 10086 MiB
2026/09/30 14:50:30.264, 95 %, 10086 MiB
2026/09/30 14:51:30.272, 100 %, 10086 MiB
2026/09/30 14:52:30.278, 92 %, 10086 MiB
2026/09/30 14:53:30.285, 96 %, 10086 MiB
2026/09/30 14:54:30.292, 92 %, 10086 MiB
2026/09/30 14:55:30.299, 90 %, 10086 MiB
2026/09/30 14:56:30.305, 97 %, 10086 MiB
2026/09/30 14:57:30.312, 92 %, 10086 MiB
2026/09/30 14:58:30.319, 97 %, 10086 MiB
2026/09/30 14:59:30.326, 92 %, 10086 MiB
2026/09/30 15:00:30.332, 92 %, 10086 MiB
2026/09/30 15:01:30.339, 100 %, 10086 MiB
2026/09/30 15:02:30.346, 0 %, 10086 MiB
2026/09/30 15:03:30.352, 93 %, 10086 MiB
2026/09/30 15:04:30.359, 97 %, 10086 MiB
2026/09/30 15:05:30.366, 92 %, 10086 MiB
2026/09/30 15:06:30.374, 92 %, 10086 MiB
2026/09/30 15:07:30.381, 97 %, 10086 MiB
2026/09/30 15:08:30.388, 97 %, 10086 MiB
2026/09/30 15:09:30.394, 100 %, 10086 MiB
2026/09/30 15:10:30.400, 92 %, 10086 MiB
2026/09/30 15:11:30.407, 97 %, 10086 MiB
2026/09/30 15:12:30.413, 92 %, 10086 MiB
2026/09/30 15:13:30.420, 92 %, 10086 MiB
2026/09/30 15:14:30.427, 92 %, 10086 MiB
2026/09/30 15:15:30.434, 100 %, 10086 MiB
2026/09/30 15:16:30.441, 92 %, 10086 MiB
2026/09/30 15:17:30.447, 91 %, 10086 MiB
2026/09/30 15:18:30.454, 93 %, 10086 MiB
2026/09/30 15:19:30.461, 97 %, 10086 MiB
2026/09/30 15:20:30.468, 100 %, 10086 MiB
2026/09/30 15:21:30.475, 92 %, 10086 MiB
2026/09/30 15:22:30.481, 100 %, 10086 MiB
2026/09/30 15:23:30.488, 92 %, 10086 MiB
2026/09/30 15:24:30.495, 100 %, 10086 MiB
2026/09/30 15:25:30.502, 93 %, 10086 MiB
2026/09/30 15:26:30.509, 98 %, 10086 MiB
2026/09/30 15:27:30.515, 97 %, 10086 MiB
2026/09/30 15:28:30.522, 91 %, 10086 MiB
2026/09/30 15:29:30.529, 93 %, 10086 MiB
2026/09/30 15:30:30.535, 92 %, 10086 MiB
2026/09/30 15:31:30.542, 92 %, 10086 MiB
2026/09/30 15:32:30.549, 92 %, 10086 MiB
2026/09/30 15:33:30.555, 100 %, 10086 MiB
2026/09/30 15:34:30.562, 92 %, 10086 MiB
2026/09/30 15:35:30.569, 93 %, 10086 MiB
2026/09/30 15:36:30.575, 100 %, 10086 MiB
2026/09/30 15:37:30.582, 91 %, 10086 MiB
2026/09/30 15:38:30.589, 92 %, 10086 MiB
2026/09/30 15:39:30.595, 92 %, 10086 MiB
2026/09/30 15:40:30.602, 100 %, 10086 MiB
2026/09/30 15:41:30.608, 93 %, 10086 MiB
2026/09/30 15:42:30.615, 92 %, 10086 MiB
2026/09/30 15:43:30.621, 97 %, 10086 MiB
2026/09/30 15:44:30.628, 100 %, 10086 MiB
2026/09/30 15:45:30.635, 92 %, 10086 MiB
2026/09/30 15:46:30.642, 98 %, 10086 MiB
2026/09/30 15:47:30.649, 100 %, 10086 MiB
2026/09/30 15:48:30.655, 93 %, 10086 MiB
2026/09/30 15:49:30.662, 92 %, 10086 MiB
2026/09/30 15:50:30.668, 94 %, 10086 MiB
2026/09/30 15:51:30.675, 0 %, 10086 MiB
2026/09/30 15:52:30.682, 91 %, 10086 MiB
2026/09/30 15:53:30.689, 100 %, 10086 MiB
2026/09/30 15:54:30.695, 93 %, 10086 MiB
2026/09/30 15:55:30.701, 91 %, 10086 MiB
2026/09/30 15:56:30.708, 92 %, 10086 MiB
2026/09/30 15:57:30.714, 100 %, 10086 MiB
2026/09/30 15:58:30.721, 93 %, 10086 MiB
2026/09/30 15:59:30.728, 91 %, 10086 MiB
2026/09/30 16:00:30.735, 93 %, 10086 MiB
2026/09/30 16:01:30.742, 97 %, 10086 MiB
2026/09/30 16:02:30.749, 92 %, 10086 MiB
2026/09/30 16:03:30.755, 98 %, 10086 MiB
2026/09/30 16:04:30.762, 95 %, 10086 MiB
2026/09/30 16:05:30.769, 100 %, 10086 MiB
2026/09/30 16:06:30.776, 94 %, 10086 MiB
2026/09/30 16:07:30.783, 93 %, 10086 MiB
2026/09/30 16:08:30.790, 97 %, 10086 MiB
2026/09/30 16:09:30.797, 92 %, 10086 MiB
2026/09/30 16:10:30.804, 92 %, 10086 MiB
2026/09/30 16:11:30.810, 98 %, 10086 MiB
2026/09/30 16:12:30.817, 100 %, 10086 MiB
2026/09/30 16:13:30.824, 92 %, 10086 MiB
2026/09/30 16:14:30.831, 97 %, 10086 MiB
2026/09/30 16:15:30.838, 100 %, 10086 MiB
2026/09/30 16:16:30.844, 100 %, 10086 MiB
2026/09/30 16:17:30.851, 100 %, 10086 MiB
2026/09/30 16:18:30.858, 91 %, 10086 MiB
2026/09/30 16:19:30.864, 92 %, 10086 MiB
2026/09/30 16:20:30.871, 92 %, 10086 MiB
2026/09/30 16:21:30.877, 97 %, 10086 MiB
2026/09/30 16:22:30.884, 92 %, 10086 MiB
2026/09/30 16:23:30.891, 92 %, 10086 MiB
2026/09/30 16:24:30.897, 92 %, 10086 MiB
2026/09/30 16:25:30.904, 97 %, 10086 MiB
2026/09/30 16:26:30.910, 100 %, 10086 MiB
2026/09/30 16:27:30.917, 92 %, 10086 MiB
2026/09/30 16:28:30.924, 97 %, 10086 MiB
2026/09/30 16:29:30.931, 92 %, 10086 MiB
2026/09/30 16:30:30.938, 92 %, 10086 MiB
2026/09/30 16:31:30.945, 92 %, 10086 MiB
2026/09/30 16:32:30.952, 100 %, 10086 MiB
2026/09/30 16:33:30.959, 97 %, 10086 MiB
2026/09/30 16:34:30.966, 92 %, 10086 MiB
2026/09/30 16:35:30.973, 92 %, 10086 MiB
2026/09/30 16:36:30.980, 93 %, 10086 MiB
2026/09/30 16:37:30.987, 91 %, 10086 MiB
2026/09/30 16:38:30.994, 97 %, 10086 MiB
2026/09/30 16:39:31.000, 100 %, 10086 MiB
2026/09/30 16:40:31.008, 0 %, 10086 MiB
2026/09/30 16:41:31.014, 92 %, 10086 MiB
2026/09/30 16:42:31.020, 93 %, 10086 MiB
2026/09/30 16:43:31.027, 91 %, 10086 MiB
2026/09/30 16:44:31.033, 97 %, 10086 MiB
2026/09/30 16:45:31.039, 94 %, 10086 MiB
2026/09/30 16:46:31.046, 100 %, 10086 MiB
2026/09/30 16:47:31.053, 92 %, 10086 MiB
2026/09/30 16:48:31.059, 92 %, 10086 MiB
2026/09/30 16:49:31.066, 100 %, 10086 MiB
2026/09/30 16:50:31.074, 92 %, 10086 MiB
2026/09/30 16:51:31.080, 93 %, 10086 MiB
2026/09/30 16:52:31.086, 100 %, 10086 MiB
2026/09/30 16:53:31.094, 100 %, 10086 MiB
2026/09/30 16:54:31.100, 93 %, 10086 MiB
2026/09/30 16:55:31.107, 97 %, 10086 MiB
2026/09/30 16:56:31.113, 100 %, 10086 MiB
2026/09/30 16:57:31.121, 100 %, 10086 MiB
2026/09/30 16:58:31.127, 93 %, 10086 MiB
2026/09/30 16:59:31.133, 90 %, 10086 MiB
2026/09/30 17:00:31.140, 92 %, 10086 MiB
2026/09/30 17:01:31.147, 92 %, 10086 MiB
2026/09/30 17:02:31.153, 90 %, 10086 MiB
2026/09/30 17:03:31.160, 100 %, 10086 MiB
2026/09/30 17:04:31.167, 97 %, 10086 MiB
2026/09/30 17:05:31.174, 100 %, 10086 MiB
2026/09/30 17:06:31.181, 91 %, 10086 MiB
2026/09/30 17:07:31.187, 93 %, 10086 MiB
2026/09/30 17:08:31.194, 93 %, 10086 MiB
2026/09/30 17:09:31.201, 97 %, 10086 MiB
2026/09/30 17:10:31.207, 92 %, 10086 MiB
2026/09/30 17:11:31.215, 92 %, 10086 MiB
2026/09/30 17:12:31.221, 92 %, 10086 MiB
2026/09/30 17:13:31.228, 92 %, 10086 MiB
2026/09/30 17:14:31.235, 97 %, 10086 MiB
2026/09/30 17:15:31.242, 100 %, 10086 MiB
2026/09/30 17:16:31.248, 100 %, 10086 MiB
2026/09/30 17:17:31.255, 100 %, 10086 MiB
2026/09/30 17:18:31.262, 100 %, 10086 MiB
2026/09/30 17:19:31.268, 92 %, 10086 MiB
2026/09/30 17:20:31.274, 97 %, 10086 MiB
2026/09/30 17:21:31.281, 92 %, 10086 MiB
2026/09/30 17:22:31.287, 92 %, 10086 MiB
2026/09/30 17:23:31.294, 91 %, 10086 MiB
2026/09/30 17:24:31.301, 92 %, 10086 MiB
2026/09/30 17:25:31.308, 100 %, 10086 MiB
2026/09/30 17:26:31.315, 100 %, 10086 MiB
2026/09/30 17:27:31.321, 100 %, 10086 MiB
2026/09/30 17:28:31.328, 100 %, 10086 MiB
2026/09/30 17:29:31.335, 97 %, 10086 MiB
2026/09/30 17:30:31.341, 92 %, 10086 MiB
2026/09/30 17:31:31.348, 100 %, 10086 MiB
2026/09/30 17:32:31.355, 98 %, 10086 MiB
2026/09/30 17:33:31.361, 93 %, 10086 MiB
2026/09/30 17:34:31.368, 92 %, 10086 MiB
2026/09/30 17:35:31.375, 100 %, 10086 MiB
2026/09/30 17:36:31.381, 93 %, 10086 MiB
2026/09/30 17:37:31.388, 93 %, 10086 MiB
2026/09/30 17:38:31.394, 100 %, 10086 MiB
2026/09/30 17:39:31.401, 93 %, 10086 MiB
2026/09/30 17:40:31.408, 93 %, 10086 MiB
2026/09/30 17:41:31.414, 100 %, 10086 MiB
2026/09/30 17:42:31.421, 93 %, 10086 MiB
2026/09/30 17:43:31.428, 97 %, 10086 MiB
2026/09/30 17:44:31.435, 100 %, 10086 MiB
2026/09/30 17:45:31.442, 100 %, 10086 MiB
2026/09/30 17:46:31.449, 92 %, 10086 MiB
2026/09/30 17:47:31.456, 94 %, 10086 MiB
2026/09/30 17:48:31.463, 97 %, 10086 MiB
2026/09/30 17:49:31.469, 100 %, 10086 MiB
2026/09/30 17:50:31.476, 92 %, 10086 MiB
2026/09/30 17:51:31.484, 92 %, 10086 MiB
2026/09/30 17:52:31.491, 100 %, 10086 MiB
2026/09/30 17:53:31.497, 100 %, 10086 MiB
2026/09/30 17:54:31.504, 98 %, 10086 MiB
2026/09/30 17:55:31.510, 95 %, 10086 MiB
2026/09/30 17:56:31.517, 91 %, 10086 MiB
2026/09/30 17:57:31.524, 90 %, 10086 MiB
2026/09/30 17:58:31.531, 100 %, 10086 MiB
2026/09/30 17:59:31.537, 92 %, 10086 MiB
2026/09/30 18:00:31.544, 100 %, 10086 MiB
2026/09/30 18:01:31.550, 92 %, 10086 MiB
2026/09/30 18:02:31.557, 97 %, 10086 MiB
2026/09/30 18:03:31.564, 91 %, 10086 MiB
2026/09/30 18:04:31.570, 100 %, 10086 MiB
2026/09/30 18:05:31.577, 93 %, 10086 MiB
2026/09/30 18:06:31.583, 97 %, 10086 MiB
2026/09/30 18:07:31.590, 100 %, 10086 MiB
2026/09/30 18:08:31.597, 93 %, 10086 MiB
2026/09/30 18:09:31.603, 92 %, 10086 MiB
2026/09/30 18:10:31.609, 97 %, 10086 MiB
2026/09/30 18:11:31.616, 100 %, 10086 MiB
2026/09/30 18:12:31.623, 92 %, 10086 MiB
2026/09/30 18:13:31.629, 91 %, 10086 MiB
2026/09/30 18:14:31.636, 92 %, 10086 MiB
2026/09/30 18:15:31.642, 100 %, 10086 MiB
2026/09/30 18:16:31.649, 94 %, 10086 MiB
2026/09/30 18:17:31.656, 98 %, 10086 MiB
2026/09/30 18:18:31.663, 100 %, 10086 MiB
2026/09/30 18:19:31.669, 92 %, 10086 MiB
2026/09/30 18:20:31.677, 92 %, 10086 MiB
2026/09/30 18:21:31.683, 100 %, 10086 MiB
2026/09/30 18:22:31.690, 100 %, 10086 MiB
2026/09/30 18:23:31.697, 92 %, 10086 MiB
2026/09/30 18:24:31.704, 91 %, 10086 MiB
2026/09/30 18:25:31.710, 92 %, 10086 MiB
2026/09/30 18:26:31.717, 92 %, 10086 MiB
2026/09/30 18:27:31.724, 100 %, 10086 MiB
2026/09/30 18:28:31.731, 92 %, 10086 MiB
2026/09/30 18:29:31.738, 100 %, 10086 MiB
2026/09/30 18:30:31.745, 93 %, 10086 MiB
2026/09/30 18:31:31.752, 92 %, 10086 MiB
2026/09/30 18:32:31.759, 92 %, 10086 MiB
2026/09/30 18:33:31.766, 97 %, 10086 MiB
2026/09/30 18:34:31.773, 100 %, 10086 MiB
2026/09/30 18:35:31.780, 92 %, 10086 MiB
2026/09/30 18:36:31.787, 93 %, 10086 MiB
2026/09/30 18:37:31.793, 93 %, 10086 MiB
2026/09/30 18:38:31.800, 100 %, 10086 MiB
2026/09/30 18:39:31.806, 88 %, 10086 MiB
2026/09/30 18:40:31.813, 95 %, 10086 MiB
2026/09/30 18:41:31.819, 100 %, 10086 MiB
2026/09/30 18:42:31.826, 92 %, 10086 MiB
2026/09/30 18:43:31.833, 0 %, 10086 MiB
2026/09/30 18:44:31.840, 97 %, 10086 MiB
2026/09/30 18:45:31.846, 100 %, 10086 MiB
2026/09/30 18:46:31.853, 92 %, 10086 MiB
2026/09/30 18:47:31.860, 98 %, 10086 MiB
2026/09/30 18:48:31.867, 100 %, 10086 MiB
2026/09/30 18:49:31.873, 94 %, 10086 MiB
2026/09/30 18:50:31.880, 97 %, 10086 MiB
2026/09/30 18:51:31.887, 92 %, 10086 MiB
2026/09/30 18:52:31.894, 93 %, 10086 MiB
2026/09/30 18:53:31.900, 97 %, 10086 MiB
2026/09/30 18:54:31.907, 100 %, 10086 MiB
2026/09/30 18:55:31.914, 92 %, 10086 MiB
2026/09/30 18:56:31.920, 99 %, 10086 MiB
2026/09/30 18:57:31.927, 92 %, 10086 MiB
2026/09/30 18:58:31.934, 92 %, 10086 MiB
2026/09/30 18:59:31.942, 92 %, 10086 MiB
2026/09/30 19:00:31.949, 97 %, 10086 MiB
2026/09/30 19:01:31.956, 100 %, 10086 MiB
2026/09/30 19:02:31.962, 92 %, 10086 MiB
2026/09/30 19:03:31.969, 91 %, 10086 MiB
2026/09/30 19:04:31.976, 100 %, 10086 MiB
2026/09/30 19:05:31.983, 96 %, 10086 MiB
2026/09/30 19:06:31.990, 100 %, 10086 MiB
2026/09/30 19:07:31.997, 97 %, 10086 MiB
2026/09/30 19:08:32.004, 93 %, 10086 MiB
2026/09/30 19:09:32.010, 100 %, 10086 MiB
2026/09/30 19:10:32.017, 93 %, 10086 MiB
2026/09/30 19:11:32.024, 93 %, 10086 MiB
2026/09/30 19:12:32.031, 94 %, 10086 MiB
2026/09/30 19:13:32.038, 97 %, 10086 MiB
2026/09/30 19:14:32.044, 91 %, 10086 MiB
2026/09/30 19:15:32.050, 90 %, 10086 MiB
2026/09/30 19:16:32.057, 91 %, 10086 MiB
2026/09/30 19:17:32.064, 93 %, 10086 MiB
2026/09/30 19:18:32.072, 93 %, 10086 MiB
2026/09/30 19:19:32.078, 91 %, 10086 MiB
2026/09/30 19:20:32.085, 100 %, 10086 MiB
2026/09/30 19:21:32.092, 92 %, 10086 MiB
2026/09/30 19:22:32.098, 91 %, 10086 MiB
2026/09/30 19:23:32.106, 100 %, 10086 MiB
2026/09/30 19:24:32.112, 97 %, 10086 MiB
2026/09/30 19:25:32.119, 100 %, 10086 MiB
2026/09/30 19:26:32.126, 91 %, 10086 MiB
2026/09/30 19:27:32.133, 92 %, 10086 MiB
2026/09/30 19:28:32.139, 92 %, 10086 MiB
2026/09/30 19:29:32.147, 100 %, 10086 MiB
2026/09/30 19:30:32.153, 88 %, 10086 MiB
2026/09/30 19:31:32.161, 98 %, 10086 MiB
2026/09/30 19:32:32.168, 92 %, 10086 MiB
2026/09/30 19:33:32.175, 100 %, 10086 MiB
2026/09/30 19:34:32.181, 91 %, 10086 MiB
2026/09/30 19:35:32.188, 100 %, 10086 MiB
2026/09/30 19:36:32.195, 93 %, 10086 MiB
2026/09/30 19:37:32.201, 92 %, 10086 MiB
2026/09/30 19:38:32.208, 94 %, 10086 MiB
2026/09/30 19:39:32.215, 92 %, 10086 MiB
2026/09/30 19:40:32.221, 100 %, 10086 MiB
2026/09/30 19:41:32.228, 100 %, 10086 MiB
2026/09/30 19:42:32.235, 100 %, 10086 MiB
2026/09/30 19:43:32.241, 98 %, 10086 MiB
2026/09/30 19:44:32.248, 92 %, 10086 MiB
2026/09/30 19:45:32.256, 100 %, 10086 MiB
2026/09/30 19:46:32.262, 93 %, 10086 MiB
2026/09/30 19:47:32.269, 100 %, 10086 MiB
2026/09/30 19:48:32.275, 91 %, 10086 MiB
2026/09/30 19:49:32.282, 97 %, 10086 MiB
2026/09/30 19:50:32.288, 92 %, 10086 MiB
2026/09/30 19:51:32.295, 92 %, 10086 MiB
2026/09/30 19:52:32.302, 98 %, 10086 MiB
2026/09/30 19:53:32.309, 98 %, 10086 MiB
2026/09/30 19:54:32.315, 97 %, 10086 MiB
2026/09/30 19:55:32.322, 92 %, 10086 MiB
2026/09/30 19:56:32.329, 92 %, 10086 MiB
2026/09/30 19:57:32.337, 92 %, 10086 MiB
2026/09/30 19:58:32.343, 100 %, 10086 MiB
2026/09/30 19:59:32.349, 92 %, 10086 MiB
2026/09/30 20:00:32.356, 97 %, 10086 MiB
2026/09/30 20:01:32.363, 91 %, 10086 MiB
2026/09/30 20:02:32.370, 99 %, 10086 MiB
2026/09/30 20:03:32.377, 100 %, 10086 MiB
2026/09/30 20:04:32.384, 92 %, 10086 MiB
2026/09/30 20:05:32.391, 92 %, 10086 MiB
2026/09/30 20:06:32.398, 100 %, 10086 MiB
2026/09/30 20:07:32.404, 92 %, 10086 MiB
2026/09/30 20:08:32.411, 100 %, 10086 MiB
2026/09/30 20:09:32.418, 100 %, 10086 MiB
2026/09/30 20:10:32.425, 100 %, 10086 MiB
2026/09/30 20:11:32.432, 97 %, 10086 MiB
2026/09/30 20:12:32.439, 92 %, 10086 MiB
2026/09/30 20:13:32.445, 100 %, 10086 MiB
2026/09/30 20:14:32.452, 100 %, 10086 MiB
2026/09/30 20:15:32.459, 97 %, 10086 MiB
2026/09/30 20:16:32.466, 100 %, 10086 MiB
2026/09/30 20:17:32.473, 97 %, 10086 MiB
2026/09/30 20:18:32.480, 93 %, 10086 MiB
2026/09/30 20:19:32.487, 91 %, 10086 MiB
2026/09/30 20:20:32.493, 92 %, 10086 MiB
2026/09/30 20:21:32.501, 92 %, 10086 MiB
2026/09/30 20:22:32.507, 100 %, 10086 MiB
2026/09/30 20:23:32.514, 94 %, 10086 MiB
2026/09/30 20:24:32.521, 98 %, 10086 MiB
2026/09/30 20:25:32.528, 97 %, 10086 MiB
2026/09/30 20:26:32.534, 100 %, 10086 MiB
2026/09/30 20:27:32.541, 92 %, 10086 MiB
2026/09/30 20:28:32.548, 93 %, 10086 MiB
2026/09/30 20:29:32.555, 96 %, 10086 MiB
2026/09/30 20:30:32.561, 94 %, 10086 MiB
2026/09/30 20:31:32.568, 92 %, 10086 MiB
2026/09/30 20:32:32.575, 100 %, 10086 MiB
2026/09/30 20:33:32.582, 100 %, 10086 MiB
2026/09/30 20:34:32.589, 91 %, 10086 MiB
2026/09/30 20:35:32.596, 91 %, 10086 MiB
2026/09/30 20:36:32.602, 100 %, 10086 MiB
2026/09/30 20:37:32.608, 97 %, 10086 MiB
2026/09/30 20:38:32.615, 98 %, 10086 MiB
2026/09/30 20:39:32.623, 92 %, 10086 MiB
2026/09/30 20:40:32.629, 92 %, 10086 MiB
2026/09/30 20:41:32.636, 92 %, 10086 MiB
2026/09/30 20:42:32.643, 97 %, 10086 MiB
2026/09/30 20:43:32.649, 95 %, 10086 MiB
2026/09/30 20:44:32.656, 100 %, 10086 MiB
2026/09/30 20:45:32.663, 92 %, 10086 MiB
2026/09/30 20:46:32.669, 0 %, 10086 MiB
2026/09/30 20:47:32.676, 100 %, 10086 MiB
2026/09/30 20:48:32.683, 100 %, 10086 MiB
2026/09/30 20:49:32.689, 93 %, 10086 MiB
2026/09/30 20:50:32.696, 92 %, 10086 MiB
2026/09/30 20:51:32.703, 100 %, 10086 MiB
2026/09/30 20:52:32.710, 92 %, 10086 MiB
2026/09/30 20:53:32.717, 92 %, 10086 MiB
2026/09/30 20:54:32.724, 92 %, 10086 MiB
2026/09/30 20:55:32.731, 92 %, 10086 MiB
2026/09/30 20:56:32.738, 0 %, 10086 MiB
2026/09/30 20:57:32.745, 92 %, 10086 MiB
2026/09/30 20:58:32.751, 92 %, 10086 MiB
2026/09/30 20:59:32.757, 92 %, 10086 MiB
2026/09/30 21:00:32.765, 97 %, 10086 MiB
2026/09/30 21:01:32.772, 91 %, 10086 MiB
2026/09/30 21:02:32.779, 94 %, 10086 MiB
2026/09/30 21:03:32.786, 97 %, 10086 MiB
2026/09/30 21:04:32.792, 98 %, 10086 MiB
2026/09/30 21:05:32.799, 100 %, 10086 MiB
2026/09/30 21:06:32.806, 98 %, 10086 MiB
2026/09/30 21:07:32.813, 100 %, 10086 MiB
2026/09/30 21:08:32.820, 100 %, 10086 MiB
2026/09/30 21:09:32.827, 100 %, 10086 MiB
2026/09/30 21:10:32.834, 94 %, 10086 MiB
2026/09/30 21:11:32.841, 92 %, 10086 MiB
2026/09/30 21:12:32.848, 100 %, 10086 MiB
2026/09/30 21:13:32.855, 100 %, 10086 MiB
2026/09/30 21:14:32.862, 92 %, 10086 MiB
2026/09/30 21:15:32.870, 97 %, 10086 MiB
2026/09/30 21:16:32.877, 100 %, 10086 MiB
2026/09/30 21:17:32.884, 97 %, 10086 MiB
2026/09/30 21:18:32.891, 92 %, 10086 MiB
2026/09/30 21:19:32.898, 100 %, 10086 MiB
2026/09/30 21:20:32.904, 100 %, 10086 MiB
2026/09/30 21:21:32.911, 100 %, 10086 MiB
2026/09/30 21:22:32.918, 92 %, 10086 MiB
2026/09/30 21:23:32.925, 97 %, 10086 MiB
2026/09/30 21:24:32.931, 100 %, 10086 MiB
2026/09/30 21:25:32.938, 92 %, 10086 MiB
2026/09/30 21:26:32.945, 97 %, 10086 MiB
2026/09/30 21:27:32.952, 100 %, 10086 MiB
2026/09/30 21:28:32.959, 92 %, 10086 MiB
2026/09/30 21:29:32.966, 97 %, 10086 MiB
2026/09/30 21:30:32.972, 92 %, 10086 MiB
2026/09/30 21:31:32.979, 92 %, 10086 MiB
2026/09/30 21:32:32.986, 100 %, 10086 MiB
2026/09/30 21:33:32.993, 92 %, 10086 MiB
2026/09/30 21:34:33.000, 92 %, 10086 MiB
2026/09/30 21:35:33.006, 97 %, 10086 MiB
2026/09/30 21:36:33.013, 100 %, 10086 MiB
2026/09/30 21:37:33.020, 92 %, 10086 MiB
2026/09/30 21:38:33.026, 97 %, 10086 MiB
2026/09/30 21:39:33.033, 100 %, 10086 MiB
2026/09/30 21:40:33.039, 100 %, 10086 MiB
2026/09/30 21:41:33.046, 92 %, 10086 MiB
2026/09/30 21:42:33.053, 92 %, 10086 MiB
2026/09/30 21:43:33.059, 92 %, 10086 MiB
2026/09/30 21:44:33.066, 100 %, 10086 MiB
2026/09/30 21:45:33.073, 97 %, 10086 MiB
2026/09/30 21:46:33.080, 94 %, 10086 MiB
2026/09/30 21:47:33.086, 100 %, 10086 MiB
2026/09/30 21:48:33.093, 91 %, 10086 MiB
2026/09/30 21:49:33.101, 98 %, 10086 MiB
2026/09/30 21:50:33.107, 92 %, 10086 MiB
2026/09/30 21:51:33.114, 97 %, 10086 MiB
2026/09/30 21:52:33.121, 100 %, 10086 MiB
2026/09/30 21:53:33.128, 92 %, 10086 MiB
2026/09/30 21:54:33.134, 100 %, 10086 MiB
2026/09/30 21:55:33.140, 91 %, 10086 MiB
2026/09/30 21:56:33.147, 100 %, 10086 MiB
2026/09/30 21:57:33.154, 92 %, 10086 MiB
2026/09/30 21:58:33.161, 91 %, 10086 MiB
2026/09/30 21:59:33.168, 100 %, 10086 MiB
2026/09/30 22:00:33.174, 93 %, 10086 MiB
2026/09/30 22:01:33.181, 89 %, 10086 MiB
2026/09/30 22:02:33.188, 100 %, 10086 MiB
2026/09/30 22:03:33.194, 92 %, 10086 MiB
2026/09/30 22:04:33.201, 91 %, 10086 MiB
2026/09/30 22:05:33.207, 92 %, 10086 MiB
2026/09/30 22:06:33.215, 97 %, 10086 MiB
2026/09/30 22:07:33.221, 100 %, 10086 MiB
2026/09/30 22:08:33.228, 91 %, 10086 MiB
2026/09/30 22:09:33.235, 92 %, 10086 MiB
2026/09/30 22:10:33.242, 97 %, 10086 MiB
2026/09/30 22:11:33.249, 100 %, 10086 MiB
2026/09/30 22:12:33.256, 89 %, 10086 MiB
2026/09/30 22:13:33.262, 100 %, 10086 MiB
2026/09/30 22:14:33.269, 100 %, 10086 MiB
2026/09/30 22:15:33.275, 92 %, 10086 MiB
2026/09/30 22:16:33.282, 100 %, 10086 MiB
2026/09/30 22:17:33.289, 92 %, 10086 MiB
2026/09/30 22:18:33.295, 93 %, 10086 MiB
2026/09/30 22:19:33.301, 100 %, 10086 MiB
2026/09/30 22:20:33.308, 97 %, 10086 MiB
2026/09/30 22:21:33.314, 91 %, 10086 MiB
2026/09/30 22:22:33.320, 92 %, 10086 MiB
2026/09/30 22:23:33.327, 92 %, 10086 MiB
2026/09/30 22:24:33.333, 95 %, 10086 MiB
2026/09/30 22:25:33.340, 93 %, 10086 MiB
2026/09/30 22:26:33.347, 97 %, 10086 MiB
2026/09/30 22:27:33.354, 94 %, 10086 MiB
2026/09/30 22:28:33.361, 100 %, 10086 MiB
2026/09/30 22:29:33.367, 93 %, 10086 MiB
2026/09/30 22:30:33.374, 98 %, 10086 MiB
2026/09/30 22:31:33.381, 100 %, 10086 MiB
2026/09/30 22:32:33.387, 92 %, 10086 MiB
2026/09/30 22:33:33.394, 100 %, 10086 MiB
2026/09/30 22:34:33.401, 100 %, 10086 MiB
2026/09/30 22:35:33.408, 100 %, 10086 MiB
2026/09/30 22:36:33.414, 97 %, 10086 MiB
2026/09/30 22:37:33.421, 100 %, 10086 MiB
2026/09/30 22:38:33.427, 93 %, 10086 MiB
2026/09/30 22:39:33.434, 92 %, 10086 MiB
2026/09/30 22:40:33.441, 92 %, 10086 MiB
2026/09/30 22:41:33.448, 100 %, 10086 MiB
2026/09/30 22:42:33.454, 92 %, 10086 MiB
2026/09/30 22:43:33.461, 91 %, 10086 MiB
2026/09/30 22:44:33.468, 100 %, 10086 MiB
2026/09/30 22:45:33.474, 100 %, 10086 MiB
2026/09/30 22:46:33.480, 92 %, 10086 MiB
2026/09/30 22:47:33.487, 92 %, 10086 MiB
2026/09/30 22:48:33.493, 97 %, 10086 MiB
2026/09/30 22:49:33.500, 0 %, 10086 MiB
2026/09/30 22:50:33.506, 95 %, 10086 MiB
2026/09/30 22:51:33.513, 92 %, 10086 MiB
2026/09/30 22:52:33.519, 91 %, 10086 MiB
2026/09/30 22:53:33.526, 91 %, 10086 MiB
2026/09/30 22:54:33.532, 100 %, 10086 MiB
2026/09/30 22:55:33.539, 92 %, 10086 MiB
2026/09/30 22:56:33.546, 97 %, 10086 MiB
2026/09/30 22:57:33.553, 97 %, 10086 MiB
2026/09/30 22:58:33.559, 98 %, 10086 MiB
2026/09/30 22:59:33.565, 97 %, 10086 MiB
2026/09/30 23:00:33.571, 98 %, 10086 MiB
2026/09/30 23:01:33.578, 100 %, 10086 MiB
2026/09/30 23:02:33.585, 97 %, 10086 MiB
2026/09/30 23:03:33.592, 97 %, 10086 MiB
2026/09/30 23:04:33.598, 95 %, 10086 MiB
2026/09/30 23:05:33.605, 99 %, 10086 MiB
2026/09/30 23:06:33.611, 100 %, 10086 MiB
2026/09/30 23:07:33.618, 92 %, 10086 MiB
2026/09/30 23:08:33.624, 91 %, 10086 MiB
2026/09/30 23:09:33.630, 100 %, 10086 MiB
2026/09/30 23:10:33.637, 92 %, 10086 MiB
2026/09/30 23:11:33.643, 100 %, 10086 MiB
2026/09/30 23:12:33.651, 90 %, 10086 MiB
2026/09/30 23:13:33.657, 100 %, 10086 MiB
2026/09/30 23:14:33.663, 91 %, 10086 MiB
2026/09/30 23:15:33.670, 92 %, 10086 MiB
2026/09/30 23:16:33.677, 91 %, 10086 MiB
2026/09/30 23:17:33.683, 91 %, 10086 MiB
2026/09/30 23:18:33.690, 100 %, 10086 MiB
2026/09/30 23:19:33.696, 92 %, 10086 MiB
2026/09/30 23:20:33.703, 91 %, 10086 MiB
2026/09/30 23:21:33.710, 98 %, 10086 MiB
2026/09/30 23:22:33.717, 100 %, 10086 MiB
2026/09/30 23:23:33.724, 92 %, 10086 MiB
2026/09/30 23:24:33.731, 98 %, 10086 MiB
2026/09/30 23:25:33.738, 100 %, 10086 MiB
2026/09/30 23:26:33.744, 91 %, 10086 MiB
2026/09/30 23:27:33.751, 97 %, 10086 MiB
2026/09/30 23:28:33.757, 100 %, 10086 MiB
2026/09/30 23:29:33.764, 93 %, 10086 MiB
2026/09/30 23:30:33.771, 97 %, 10086 MiB
2026/09/30 23:31:33.778, 100 %, 10086 MiB
2026/09/30 23:32:33.784, 92 %, 10086 MiB
2026/09/30 23:33:33.791, 91 %, 10086 MiB
2026/09/30 23:34:33.798, 95 %, 10086 MiB
2026/09/30 23:35:33.805, 100 %, 10086 MiB
2026/09/30 23:36:33.811, 90 %, 10086 MiB
2026/09/30 23:37:33.818, 100 %, 10086 MiB
2026/09/30 23:38:33.825, 0 %, 10086 MiB
2026/09/30 23:39:33.831, 85 %, 10086 MiB
2026/09/30 23:40:33.838, 91 %, 10086 MiB
2026/09/30 23:41:33.845, 97 %, 10086 MiB
2026/09/30 23:42:33.852, 100 %, 10086 MiB
2026/09/30 23:43:33.859, 92 %, 10086 MiB
2026/09/30 23:44:33.866, 100 %, 10086 MiB
2026/09/30 23:45:33.873, 92 %, 10086 MiB
2026/09/30 23:46:33.881, 100 %, 10086 MiB
2026/09/30 23:47:33.887, 92 %, 10086 MiB
2026/09/30 23:48:33.893, 92 %, 10086 MiB
2026/09/30 23:49:33.900, 91 %, 10086 MiB
2026/09/30 23:50:33.907, 99 %, 10086 MiB
2026/09/30 23:51:33.914, 97 %, 10086 MiB
2026/09/30 23:52:33.920, 100 %, 10086 MiB
2026/09/30 23:53:33.927, 100 %, 10086 MiB
2026/09/30 23:54:33.934, 92 %, 10086 MiB
2026/09/30 23:55:33.940, 97 %, 10086 MiB
2026/09/30 23:56:33.947, 91 %, 10086 MiB
2026/09/30 23:57:33.954, 97 %, 10086 MiB
2026/09/30 23:58:33.961, 92 %, 10086 MiB
2026/09/30 23:59:33.968, 100 %, 10086 MiB
2026/10/01 00:00:33.975, 91 %, 10086 MiB
2026/10/01 00:01:33.982, 100 %, 10086 MiB
2026/10/01 00:02:33.989, 100 %, 10086 MiB
2026/10/01 00:03:33.996, 93 %, 10086 MiB
2026/10/01 00:04:34.003, 92 %, 10086 MiB
2026/10/01 00:05:34.010, 93 %, 10086 MiB
2026/10/01 00:06:34.016, 100 %, 10086 MiB
2026/10/01 00:07:34.023, 100 %, 10086 MiB
2026/10/01 00:08:34.030, 92 %, 10086 MiB
2026/10/01 00:09:34.037, 100 %, 10086 MiB
2026/10/01 00:10:34.043, 92 %, 10086 MiB
2026/10/01 00:11:34.050, 92 %, 10086 MiB
2026/10/01 00:12:34.057, 95 %, 10086 MiB
2026/10/01 00:13:34.064, 97 %, 10086 MiB
2026/10/01 00:14:34.070, 97 %, 10086 MiB
2026/10/01 00:15:34.077, 100 %, 10086 MiB
2026/10/01 00:16:34.084, 91 %, 10086 MiB
2026/10/01 00:17:34.091, 100 %, 10086 MiB
2026/10/01 00:18:34.097, 90 %, 10086 MiB
2026/10/01 00:19:34.104, 98 %, 10086 MiB
2026/10/01 00:20:34.111, 93 %, 10086 MiB
2026/10/01 00:21:34.118, 100 %, 10086 MiB
2026/10/01 00:22:34.125, 92 %, 10086 MiB
2026/10/01 00:23:34.131, 92 %, 10086 MiB
2026/10/01 00:24:34.138, 94 %, 10086 MiB
2026/10/01 00:25:34.145, 92 %, 10086 MiB
2026/10/01 00:26:34.152, 97 %, 10086 MiB
2026/10/01 00:27:34.159, 91 %, 10086 MiB
2026/10/01 00:28:34.166, 91 %, 10086 MiB
2026/10/01 00:29:34.172, 98 %, 10086 MiB
2026/10/01 00:30:34.179, 100 %, 10086 MiB
2026/10/01 00:31:34.185, 92 %, 10086 MiB
2026/10/01 00:32:34.192, 93 %, 10086 MiB
2026/10/01 00:33:34.198, 92 %, 10086 MiB
2026/10/01 00:34:34.204, 100 %, 10086 MiB
2026/10/01 00:35:34.210, 100 %, 10086 MiB
2026/10/01 00:36:34.217, 94 %, 10086 MiB
2026/10/01 00:37:34.224, 91 %, 10086 MiB
2026/10/01 00:38:34.230, 100 %, 10086 MiB
2026/10/01 00:39:34.237, 92 %, 10086 MiB
2026/10/01 00:40:34.243, 92 %, 10086 MiB
2026/10/01 00:41:34.249, 100 %, 10086 MiB
2026/10/01 00:42:34.256, 100 %, 10086 MiB
2026/10/01 00:43:34.263, 100 %, 10086 MiB
2026/10/01 00:44:34.270, 97 %, 10086 MiB
2026/10/01 00:45:34.276, 97 %, 10086 MiB
2026/10/01 00:46:34.283, 100 %, 10086 MiB
2026/10/01 00:47:34.290, 100 %, 10086 MiB
2026/10/01 00:48:34.296, 100 %, 10086 MiB
2026/10/01 00:49:34.303, 100 %, 10086 MiB
2026/10/01 00:50:34.310, 92 %, 10086 MiB
2026/10/01 00:51:34.316, 100 %, 10086 MiB
2026/10/01 00:52:34.323, 0 %, 10086 MiB
2026/10/01 00:53:34.329, 92 %, 10086 MiB
2026/10/01 00:54:34.336, 100 %, 10086 MiB
2026/10/01 00:55:34.343, 93 %, 10086 MiB
2026/10/01 00:56:34.350, 97 %, 10086 MiB
2026/10/01 00:57:34.357, 94 %, 10086 MiB
2026/10/01 00:58:34.363, 92 %, 10086 MiB
2026/10/01 00:59:34.370, 92 %, 10086 MiB
2026/10/01 01:00:34.376, 97 %, 10086 MiB
2026/10/01 01:01:34.382, 93 %, 10086 MiB
2026/10/01 01:02:34.389, 97 %, 10086 MiB
2026/10/01 01:03:34.396, 98 %, 10086 MiB
2026/10/01 01:04:34.402, 97 %, 10086 MiB
2026/10/01 01:05:34.409, 93 %, 10086 MiB
2026/10/01 01:06:34.415, 100 %, 10086 MiB
2026/10/01 01:07:34.421, 100 %, 10086 MiB
2026/10/01 01:08:34.428, 93 %, 10086 MiB
2026/10/01 01:09:34.434, 92 %, 10086 MiB
2026/10/01 01:10:34.441, 91 %, 10086 MiB
2026/10/01 01:11:34.448, 100 %, 10086 MiB
2026/10/01 01:12:34.455, 92 %, 10086 MiB
2026/10/01 01:13:34.461, 87 %, 10086 MiB
2026/10/01 01:14:34.468, 100 %, 10086 MiB
2026/10/01 01:15:34.475, 94 %, 10086 MiB
2026/10/01 01:16:34.482, 91 %, 10086 MiB
2026/10/01 01:17:34.489, 97 %, 10086 MiB
2026/10/01 01:18:34.496, 100 %, 10086 MiB
2026/10/01 01:19:34.502, 92 %, 10086 MiB
2026/10/01 01:20:34.509, 94 %, 10086 MiB
2026/10/01 01:21:34.516, 97 %, 10086 MiB
2026/10/01 01:22:34.522, 92 %, 10086 MiB
2026/10/01 01:23:34.529, 93 %, 10086 MiB
2026/10/01 01:24:34.536, 100 %, 10086 MiB
2026/10/01 01:25:34.543, 92 %, 10086 MiB
2026/10/01 01:26:34.549, 97 %, 10086 MiB
2026/10/01 01:27:34.556, 100 %, 10086 MiB
2026/10/01 01:28:34.563, 91 %, 10086 MiB
2026/10/01 01:29:34.570, 92 %, 10086 MiB
2026/10/01 01:30:34.577, 100 %, 10086 MiB
2026/10/01 01:31:34.584, 100 %, 10086 MiB
2026/10/01 01:32:34.590, 92 %, 10086 MiB
2026/10/01 01:33:34.597, 92 %, 10086 MiB
2026/10/01 01:34:34.604, 100 %, 10086 MiB
2026/10/01 01:35:34.611, 93 %, 10086 MiB
2026/10/01 01:36:34.619, 97 %, 10086 MiB
2026/10/01 01:37:34.626, 100 %, 10086 MiB
2026/10/01 01:38:34.633, 100 %, 10086 MiB
2026/10/01 01:39:34.640, 92 %, 10086 MiB
2026/10/01 01:40:34.647, 97 %, 10086 MiB
2026/10/01 01:41:34.654, 0 %, 10086 MiB
2026/10/01 01:42:34.661, 96 %, 10086 MiB
2026/10/01 01:43:34.668, 100 %, 10086 MiB
2026/10/01 01:44:34.674, 100 %, 10086 MiB
2026/10/01 01:45:34.681, 94 %, 10086 MiB
2026/10/01 01:46:34.688, 89 %, 10086 MiB
2026/10/01 01:47:34.696, 92 %, 10086 MiB
2026/10/01 01:48:34.702, 99 %, 10086 MiB
2026/10/01 01:49:34.709, 93 %, 10086 MiB
2026/10/01 01:50:34.715, 100 %, 10086 MiB
2026/10/01 01:51:34.722, 97 %, 10086 MiB
2026/10/01 01:52:34.728, 97 %, 10086 MiB
2026/10/01 01:53:34.735, 100 %, 10086 MiB
2026/10/01 01:54:34.742, 92 %, 10086 MiB
2026/10/01 01:55:34.749, 100 %, 10086 MiB
2026/10/01 01:56:34.755, 92 %, 10086 MiB
2026/10/01 01:57:34.762, 100 %, 10086 MiB
2026/10/01 01:58:34.769, 100 %, 10086 MiB
2026/10/01 01:59:34.777, 92 %, 10086 MiB
2026/10/01 02:00:34.784, 97 %, 10086 MiB
2026/10/01 02:01:34.791, 100 %, 10086 MiB
2026/10/01 02:02:34.797, 90 %, 10086 MiB
2026/10/01 02:03:34.804, 92 %, 10086 MiB
2026/10/01 02:04:34.811, 91 %, 10086 MiB
2026/10/01 02:05:34.817, 92 %, 10086 MiB
2026/10/01 02:06:34.824, 91 %, 10086 MiB
2026/10/01 02:07:34.831, 100 %, 10086 MiB
2026/10/01 02:08:34.838, 93 %, 10086 MiB
2026/10/01 02:09:34.845, 97 %, 10086 MiB
2026/10/01 02:10:34.851, 92 %, 10086 MiB
2026/10/01 02:11:34.858, 92 %, 10086 MiB
2026/10/01 02:12:34.864, 97 %, 10086 MiB
2026/10/01 02:13:34.871, 91 %, 10086 MiB
2026/10/01 02:14:34.878, 97 %, 10086 MiB
2026/10/01 02:15:34.885, 100 %, 10086 MiB
2026/10/01 02:16:34.892, 98 %, 10086 MiB
2026/10/01 02:17:34.899, 100 %, 10086 MiB
2026/10/01 02:18:34.906, 92 %, 10086 MiB
2026/10/01 02:19:34.912, 99 %, 10086 MiB
2026/10/01 02:20:34.919, 98 %, 10086 MiB
2026/10/01 02:21:34.926, 94 %, 10086 MiB
2026/10/01 02:22:34.933, 91 %, 10086 MiB
2026/10/01 02:23:34.939, 96 %, 10086 MiB
2026/10/01 02:24:34.946, 92 %, 10086 MiB
2026/10/01 02:25:34.953, 92 %, 10086 MiB
2026/10/01 02:26:34.959, 100 %, 10086 MiB
2026/10/01 02:27:34.966, 92 %, 10086 MiB
2026/10/01 02:28:34.973, 94 %, 10086 MiB
2026/10/01 02:29:34.980, 97 %, 10086 MiB
2026/10/01 02:30:34.987, 100 %, 10086 MiB
2026/10/01 02:31:34.994, 92 %, 10086 MiB
2026/10/01 02:32:35.001, 92 %, 10086 MiB
2026/10/01 02:33:35.008, 98 %, 10086 MiB
2026/10/01 02:34:35.014, 93 %, 10086 MiB
2026/10/01 02:35:35.021, 97 %, 10086 MiB
2026/10/01 02:36:35.028, 100 %, 10086 MiB
2026/10/01 02:37:35.035, 98 %, 10086 MiB
2026/10/01 02:38:35.041, 95 %, 10086 MiB
2026/10/01 02:39:35.048, 97 %, 10086 MiB
2026/10/01 02:40:35.055, 92 %, 10086 MiB
2026/10/01 02:41:35.061, 97 %, 10086 MiB
2026/10/01 02:42:35.068, 100 %, 10086 MiB
2026/10/01 02:43:35.075, 92 %, 10086 MiB
2026/10/01 02:44:35.082, 92 %, 10086 MiB
2026/10/01 02:45:35.089, 92 %, 10086 MiB
2026/10/01 02:46:35.096, 99 %, 10086 MiB
2026/10/01 02:47:35.103, 100 %, 10086 MiB
2026/10/01 02:48:35.109, 100 %, 10086 MiB
2026/10/01 02:49:35.116, 100 %, 10086 MiB
2026/10/01 02:50:35.123, 92 %, 10086 MiB
2026/10/01 02:51:35.130, 98 %, 10086 MiB
2026/10/01 02:52:35.137, 98 %, 10086 MiB
2026/10/01 02:53:35.143, 100 %, 10086 MiB
2026/10/01 02:54:35.150, 100 %, 10086 MiB
2026/10/01 02:55:35.157, 92 %, 10086 MiB
2026/10/01 02:56:35.164, 97 %, 10086 MiB
2026/10/01 02:57:35.171, 100 %, 10086 MiB
2026/10/01 02:58:35.177, 100 %, 10086 MiB
2026/10/01 02:59:35.184, 91 %, 10086 MiB
2026/10/01 03:00:35.191, 98 %, 10086 MiB
2026/10/01 03:01:35.198, 100 %, 10086 MiB
2026/10/01 03:02:35.205, 93 %, 10086 MiB
2026/10/01 03:03:35.211, 100 %, 10086 MiB
2026/10/01 03:04:35.218, 100 %, 10086 MiB
2026/10/01 03:05:35.225, 97 %, 10086 MiB
2026/10/01 03:06:35.231, 93 %, 10086 MiB
2026/10/01 03:07:35.238, 100 %, 10086 MiB
2026/10/01 03:08:35.245, 92 %, 10086 MiB
2026/10/01 03:09:35.252, 92 %, 10086 MiB
2026/10/01 03:10:35.259, 97 %, 10086 MiB
2026/10/01 03:11:35.266, 97 %, 10086 MiB
2026/10/01 03:12:35.272, 92 %, 10086 MiB
2026/10/01 03:13:35.279, 91 %, 10086 MiB
2026/10/01 03:14:35.287, 100 %, 10086 MiB
2026/10/01 03:15:35.294, 91 %, 10086 MiB
2026/10/01 03:16:35.300, 100 %, 10086 MiB
2026/10/01 03:17:35.307, 92 %, 10086 MiB
2026/10/01 03:18:35.314, 92 %, 10086 MiB
2026/10/01 03:19:35.320, 92 %, 10086 MiB
2026/10/01 03:20:35.326, 97 %, 10086 MiB
2026/10/01 03:21:35.334, 100 %, 10086 MiB
2026/10/01 03:22:35.341, 92 %, 10086 MiB
2026/10/01 03:23:35.347, 92 %, 10086 MiB
2026/10/01 03:24:35.354, 97 %, 10086 MiB
2026/10/01 03:25:35.361, 92 %, 10086 MiB
2026/10/01 03:26:35.368, 98 %, 10086 MiB
2026/10/01 03:27:35.374, 100 %, 10086 MiB
2026/10/01 03:28:35.381, 92 %, 10086 MiB
2026/10/01 03:29:35.387, 92 %, 10086 MiB
2026/10/01 03:30:35.394, 100 %, 10086 MiB
2026/10/01 03:31:35.401, 92 %, 10086 MiB
2026/10/01 03:32:35.407, 92 %, 10086 MiB
2026/10/01 03:33:35.414, 100 %, 10086 MiB
2026/10/01 03:34:35.421, 92 %, 10086 MiB
2026/10/01 03:35:35.428, 92 %, 10086 MiB
2026/10/01 03:36:35.435, 91 %, 10086 MiB
2026/10/01 03:37:35.442, 92 %, 10086 MiB
2026/10/01 03:38:35.449, 98 %, 10086 MiB
2026/10/01 03:39:35.456, 92 %, 10086 MiB
2026/10/01 03:40:35.463, 100 %, 10086 MiB
2026/10/01 03:41:35.470, 92 %, 10086 MiB
2026/10/01 03:42:35.477, 93 %, 10086 MiB
2026/10/01 03:43:35.483, 92 %, 10086 MiB
2026/10/01 03:44:35.490, 0 %, 10086 MiB
2026/10/01 03:45:35.497, 92 %, 10086 MiB
2026/10/01 03:46:35.503, 94 %, 10086 MiB
2026/10/01 03:47:35.510, 98 %, 10086 MiB
2026/10/01 03:48:35.517, 92 %, 10086 MiB
2026/10/01 03:49:35.523, 91 %, 10086 MiB
2026/10/01 03:50:35.530, 97 %, 10086 MiB
2026/10/01 03:51:35.537, 100 %, 10086 MiB
2026/10/01 03:52:35.543, 91 %, 10086 MiB
2026/10/01 03:53:35.549, 100 %, 10086 MiB
2026/10/01 03:54:35.556, 96 %, 10086 MiB
2026/10/01 03:55:35.562, 92 %, 10086 MiB
2026/10/01 03:56:35.568, 97 %, 10086 MiB
2026/10/01 03:57:35.575, 98 %, 10086 MiB
2026/10/01 03:58:35.582, 92 %, 10086 MiB
2026/10/01 03:59:35.589, 97 %, 10086 MiB
2026/10/01 04:00:35.596, 100 %, 10086 MiB
2026/10/01 04:01:35.603, 100 %, 10086 MiB
2026/10/01 04:02:35.610, 97 %, 10086 MiB
2026/10/01 04:03:35.617, 92 %, 10086 MiB
2026/10/01 04:04:35.624, 91 %, 10086 MiB
2026/10/01 04:05:35.630, 91 %, 10086 MiB
2026/10/01 04:06:35.637, 92 %, 10086 MiB
2026/10/01 04:07:35.643, 92 %, 10086 MiB
2026/10/01 04:08:35.650, 92 %, 10086 MiB
2026/10/01 04:09:35.656, 98 %, 10086 MiB
2026/10/01 04:10:35.663, 92 %, 10086 MiB
2026/10/01 04:11:35.669, 93 %, 10086 MiB
2026/10/01 04:12:35.676, 96 %, 10086 MiB
2026/10/01 04:13:35.683, 100 %, 10086 MiB
2026/10/01 04:14:35.690, 93 %, 10086 MiB
2026/10/01 04:15:35.697, 97 %, 10086 MiB
2026/10/01 04:16:35.704, 97 %, 10086 MiB
2026/10/01 04:17:35.711, 93 %, 10086 MiB
2026/10/01 04:18:35.718, 92 %, 10086 MiB
2026/10/01 04:19:35.724, 92 %, 10086 MiB
2026/10/01 04:20:35.731, 92 %, 10086 MiB
2026/10/01 04:21:35.738, 100 %, 10086 MiB
2026/10/01 04:22:35.744, 91 %, 10086 MiB
2026/10/01 04:23:35.751, 100 %, 10086 MiB
2026/10/01 04:24:35.758, 91 %, 10086 MiB
2026/10/01 04:25:35.765, 98 %, 10086 MiB
2026/10/01 04:26:35.772, 92 %, 10086 MiB
2026/10/01 04:27:35.779, 92 %, 10086 MiB
2026/10/01 04:28:35.785, 100 %, 10086 MiB
2026/10/01 04:29:35.792, 100 %, 10086 MiB
2026/10/01 04:30:35.799, 92 %, 10086 MiB
2026/10/01 04:31:35.806, 100 %, 10086 MiB
2026/10/01 04:32:35.812, 98 %, 10086 MiB
2026/10/01 04:33:35.819, 100 %, 10086 MiB
2026/10/01 04:34:35.825, 93 %, 10086 MiB
2026/10/01 04:35:35.832, 91 %, 10086 MiB
2026/10/01 04:36:35.839, 89 %, 10086 MiB
2026/10/01 04:37:35.846, 92 %, 10086 MiB
2026/10/01 04:38:35.853, 94 %, 10086 MiB
2026/10/01 04:39:35.860, 92 %, 10086 MiB
2026/10/01 04:40:35.867, 97 %, 10086 MiB
2026/10/01 04:41:35.874, 92 %, 10086 MiB
2026/10/01 04:42:35.880, 92 %, 10086 MiB
2026/10/01 04:43:35.887, 93 %, 10086 MiB
2026/10/01 04:44:35.894, 92 %, 10086 MiB
2026/10/01 04:45:35.901, 100 %, 10086 MiB
2026/10/01 04:46:35.908, 100 %, 10086 MiB
2026/10/01 04:47:35.914, 93 %, 10086 MiB
2026/10/01 04:48:35.922, 90 %, 10086 MiB
2026/10/01 04:49:35.928, 92 %, 10086 MiB
2026/10/01 04:50:35.935, 97 %, 10086 MiB
2026/10/01 04:51:35.942, 92 %, 10086 MiB
2026/10/01 04:52:35.949, 89 %, 10086 MiB
2026/10/01 04:53:35.956, 92 %, 10086 MiB
2026/10/01 04:54:35.963, 92 %, 10086 MiB
2026/10/01 04:55:35.970, 92 %, 10086 MiB
2026/10/01 04:56:35.976, 100 %, 10086 MiB
2026/10/01 04:57:35.983, 100 %, 10086 MiB
2026/10/01 04:58:35.989, 92 %, 10086 MiB
2026/10/01 04:59:35.996, 93 %, 10086 MiB
2026/10/01 05:00:36.003, 92 %, 10086 MiB
2026/10/01 05:01:36.010, 100 %, 10086 MiB
2026/10/01 05:02:36.016, 100 %, 10086 MiB
2026/10/01 05:03:36.023, 93 %, 10086 MiB
2026/10/01 05:04:36.030, 92 %, 10086 MiB
2026/10/01 05:05:36.037, 98 %, 10086 MiB
2026/10/01 05:06:36.044, 95 %, 10086 MiB
2026/10/01 05:07:36.051, 92 %, 10086 MiB
2026/10/01 05:08:36.057, 92 %, 10086 MiB
2026/10/01 05:09:36.064, 93 %, 10086 MiB
2026/10/01 05:10:36.070, 100 %, 10086 MiB
2026/10/01 05:11:36.077, 100 %, 10086 MiB
2026/10/01 05:12:36.083, 93 %, 10086 MiB
2026/10/01 05:13:36.091, 100 %, 10086 MiB
2026/10/01 05:14:36.097, 92 %, 10086 MiB
2026/10/01 05:15:36.104, 92 %, 10086 MiB
2026/10/01 05:16:36.111, 97 %, 10086 MiB
2026/10/01 05:17:36.118, 100 %, 10086 MiB
2026/10/01 05:18:36.125, 95 %, 10086 MiB
2026/10/01 05:19:36.132, 92 %, 10086 MiB
2026/10/01 05:20:36.138, 92 %, 10086 MiB
2026/10/01 05:21:36.145, 100 %, 10086 MiB
2026/10/01 05:22:36.152, 100 %, 10086 MiB
2026/10/01 05:23:36.159, 92 %, 10086 MiB
2026/10/01 05:24:36.166, 94 %, 10086 MiB
2026/10/01 05:25:36.172, 100 %, 10086 MiB
2026/10/01 05:26:36.179, 98 %, 10086 MiB
2026/10/01 05:27:36.186, 100 %, 10086 MiB
2026/10/01 05:28:36.193, 98 %, 10086 MiB
2026/10/01 05:29:36.200, 100 %, 10086 MiB
2026/10/01 05:30:36.207, 92 %, 10086 MiB
2026/10/01 05:31:36.214, 92 %, 10086 MiB
2026/10/01 05:32:36.220, 97 %, 10086 MiB
2026/10/01 05:33:36.226, 100 %, 10086 MiB
2026/10/01 05:34:36.233, 94 %, 10086 MiB
2026/10/01 05:35:36.239, 91 %, 10086 MiB
2026/10/01 05:36:36.246, 100 %, 10086 MiB
2026/10/01 05:37:36.252, 95 %, 10086 MiB
2026/10/01 05:38:36.259, 98 %, 10086 MiB
2026/10/01 05:39:36.266, 92 %, 10086 MiB
2026/10/01 05:40:36.273, 97 %, 10086 MiB
2026/10/01 05:41:36.280, 92 %, 10086 MiB
2026/10/01 05:42:36.287, 89 %, 10086 MiB
2026/10/01 05:43:36.294, 97 %, 10086 MiB
2026/10/01 05:44:36.301, 100 %, 10086 MiB
2026/10/01 05:45:36.307, 91 %, 10086 MiB
2026/10/01 05:46:36.314, 97 %, 10086 MiB
2026/10/01 05:47:36.321, 97 %, 10086 MiB
2026/10/01 05:48:36.328, 92 %, 10086 MiB
2026/10/01 05:49:36.334, 92 %, 10086 MiB
2026/10/01 05:50:36.341, 97 %, 10086 MiB
2026/10/01 05:51:36.349, 92 %, 10086 MiB
2026/10/01 05:52:36.355, 93 %, 10086 MiB
2026/10/01 05:53:36.362, 100 %, 10086 MiB
2026/10/01 05:54:36.369, 91 %, 10086 MiB
2026/10/01 05:55:36.376, 97 %, 10086 MiB
2026/10/01 05:56:36.382, 98 %, 10086 MiB
2026/10/01 05:57:36.389, 95 %, 10086 MiB
2026/10/01 05:58:36.396, 100 %, 10086 MiB
2026/10/01 05:59:36.403, 100 %, 10086 MiB
2026/10/01 06:00:36.410, 100 %, 10086 MiB
2026/10/01 06:01:36.417, 92 %, 10086 MiB
2026/10/01 06:02:36.423, 100 %, 10086 MiB
2026/10/01 06:03:36.430, 91 %, 10086 MiB
2026/10/01 06:04:36.436, 100 %, 10086 MiB
2026/10/01 06:05:36.444, 100 %, 10086 MiB
2026/10/01 06:06:36.451, 93 %, 10086 MiB
2026/10/01 06:07:36.458, 92 %, 10086 MiB
2026/10/01 06:08:36.465, 92 %, 10086 MiB
2026/10/01 06:09:36.471, 92 %, 10086 MiB
2026/10/01 06:10:36.479, 97 %, 10086 MiB
2026/10/01 06:11:36.485, 91 %, 10086 MiB
2026/10/01 06:12:36.491, 100 %, 10086 MiB
2026/10/01 06:13:36.498, 92 %, 10086 MiB
2026/10/01 06:14:36.505, 92 %, 10086 MiB
2026/10/01 06:15:36.512, 92 %, 10086 MiB
2026/10/01 06:16:36.519, 92 %, 10086 MiB
2026/10/01 06:17:36.526, 92 %, 10086 MiB
2026/10/01 06:18:36.533, 97 %, 10086 MiB
2026/10/01 06:19:36.539, 92 %, 10086 MiB
2026/10/01 06:20:36.546, 91 %, 10086 MiB
2026/10/01 06:21:36.552, 97 %, 10086 MiB
2026/10/01 06:22:36.559, 100 %, 10086 MiB
2026/10/01 06:23:36.566, 100 %, 10086 MiB
2026/10/01 06:24:36.572, 100 %, 10086 MiB
2026/10/01 06:25:36.579, 97 %, 10086 MiB
2026/10/01 06:26:36.586, 100 %, 10086 MiB
2026/10/01 06:27:36.593, 96 %, 10086 MiB
2026/10/01 06:28:36.600, 92 %, 10086 MiB
2026/10/01 06:29:36.607, 92 %, 10086 MiB
2026/10/01 06:30:36.614, 92 %, 10086 MiB
2026/10/01 06:31:36.621, 92 %, 10086 MiB
2026/10/01 06:32:36.628, 100 %, 10086 MiB
2026/10/01 06:33:36.635, 92 %, 10086 MiB
2026/10/01 06:34:36.642, 92 %, 10086 MiB
2026/10/01 06:35:36.650, 97 %, 10086 MiB
2026/10/01 06:36:36.656, 93 %, 10086 MiB
2026/10/01 06:37:36.663, 100 %, 10086 MiB
2026/10/01 06:38:36.670, 92 %, 10086 MiB
2026/10/01 06:39:36.677, 97 %, 10086 MiB
2026/10/01 06:40:36.683, 93 %, 10086 MiB
2026/10/01 06:41:36.690, 100 %, 10086 MiB
2026/10/01 06:42:36.697, 100 %, 10086 MiB
2026/10/01 06:43:36.704, 97 %, 10086 MiB
2026/10/01 06:44:36.711, 100 %, 10086 MiB
2026/10/01 06:45:36.718, 98 %, 10086 MiB
2026/10/01 06:46:36.725, 91 %, 10086 MiB
2026/10/01 06:47:36.732, 100 %, 10086 MiB
2026/10/01 06:48:36.739, 92 %, 10086 MiB
2026/10/01 06:49:36.745, 92 %, 10086 MiB
2026/10/01 06:50:36.753, 93 %, 10086 MiB
2026/10/01 06:51:36.759, 93 %, 10086 MiB
2026/10/01 06:52:36.766, 92 %, 10086 MiB
2026/10/01 06:53:36.773, 95 %, 10086 MiB
2026/10/01 06:54:36.779, 92 %, 10086 MiB
2026/10/01 06:55:36.786, 93 %, 10086 MiB
2026/10/01 06:56:36.792, 100 %, 10086 MiB
2026/10/01 06:57:36.799, 97 %, 10086 MiB
2026/10/01 06:58:36.805, 100 %, 10086 MiB
2026/10/01 06:59:36.812, 100 %, 10086 MiB
2026/10/01 07:00:36.819, 92 %, 10086 MiB
2026/10/01 07:01:36.826, 100 %, 10086 MiB
2026/10/01 07:02:36.832, 92 %, 10086 MiB
2026/10/01 07:03:36.839, 100 %, 10086 MiB
2026/10/01 07:04:36.845, 100 %, 10086 MiB
2026/10/01 07:05:36.851, 100 %, 10086 MiB
2026/10/01 07:06:36.858, 89 %, 10086 MiB
2026/10/01 07:07:36.864, 100 %, 10086 MiB
2026/10/01 07:08:36.871, 92 %, 10086 MiB
2026/10/01 07:09:36.877, 92 %, 10086 MiB
2026/10/01 07:10:36.884, 92 %, 10086 MiB
2026/10/01 07:11:36.891, 100 %, 10086 MiB
2026/10/01 07:12:36.897, 100 %, 10086 MiB
2026/10/01 07:13:36.904, 97 %, 10086 MiB
2026/10/01 07:14:36.911, 92 %, 10086 MiB
2026/10/01 07:15:36.918, 100 %, 10086 MiB
2026/10/01 07:16:36.925, 91 %, 10086 MiB
2026/10/01 07:17:36.931, 97 %, 10086 MiB
2026/10/01 07:18:36.939, 100 %, 10086 MiB
2026/10/01 07:19:36.946, 92 %, 10086 MiB
2026/10/01 07:20:36.953, 93 %, 10086 MiB
2026/10/01 07:21:36.959, 93 %, 10086 MiB
2026/10/01 07:22:36.965, 94 %, 10086 MiB
2026/10/01 07:23:36.973, 92 %, 10086 MiB
2026/10/01 07:24:36.979, 100 %, 10086 MiB
2026/10/01 07:25:36.986, 0 %, 10086 MiB
2026/10/01 07:26:36.992, 92 %, 10086 MiB
2026/10/01 07:27:37.000, 97 %, 10086 MiB
2026/10/01 07:28:37.006, 92 %, 10086 MiB
2026/10/01 07:29:37.013, 92 %, 10086 MiB
2026/10/01 07:30:37.020, 100 %, 10086 MiB
2026/10/01 07:31:37.026, 100 %, 10086 MiB
2026/10/01 07:32:37.034, 99 %, 10086 MiB
2026/10/01 07:33:37.041, 100 %, 10086 MiB
2026/10/01 07:34:37.047, 100 %, 10086 MiB
2026/10/01 07:35:37.054, 91 %, 10086 MiB
2026/10/01 07:36:37.061, 97 %, 10086 MiB
2026/10/01 07:37:37.068, 92 %, 10086 MiB
2026/10/01 07:38:37.075, 97 %, 10086 MiB
2026/10/01 07:39:37.082, 100 %, 10086 MiB
2026/10/01 07:40:37.088, 100 %, 10086 MiB
2026/10/01 07:41:37.095, 93 %, 10086 MiB
2026/10/01 07:42:37.102, 91 %, 10086 MiB
2026/10/01 07:43:37.109, 91 %, 10086 MiB
2026/10/01 07:44:37.115, 98 %, 10086 MiB
2026/10/01 07:45:37.122, 100 %, 10086 MiB
2026/10/01 07:46:37.129, 100 %, 10086 MiB
2026/10/01 07:47:37.136, 100 %, 10086 MiB
2026/10/01 07:48:37.142, 100 %, 10086 MiB
2026/10/01 07:49:37.149, 92 %, 10086 MiB
2026/10/01 07:50:37.156, 93 %, 10086 MiB
2026/10/01 07:51:37.163, 100 %, 10086 MiB
2026/10/01 07:52:37.170, 93 %, 10086 MiB
2026/10/01 07:53:37.177, 93 %, 10086 MiB
2026/10/01 07:54:37.184, 92 %, 10086 MiB
2026/10/01 07:55:37.191, 100 %, 10086 MiB
2026/10/01 07:56:37.198, 93 %, 10086 MiB
2026/10/01 07:57:37.205, 92 %, 10086 MiB
2026/10/01 07:58:37.212, 97 %, 10086 MiB
2026/10/01 07:59:37.219, 90 %, 10086 MiB
2026/10/01 08:00:37.225, 97 %, 10086 MiB
2026/10/01 08:01:37.232, 100 %, 10086 MiB
2026/10/01 08:02:37.239, 93 %, 10086 MiB
2026/10/01 08:03:37.246, 97 %, 10086 MiB
2026/10/01 08:04:37.252, 91 %, 10086 MiB
2026/10/01 08:05:37.259, 100 %, 10086 MiB
2026/10/01 08:06:37.266, 100 %, 10086 MiB
2026/10/01 08:07:37.272, 92 %, 10086 MiB
2026/10/01 08:08:37.280, 91 %, 10086 MiB
2026/10/01 08:09:37.287, 94 %, 10086 MiB
2026/10/01 08:10:37.294, 97 %, 10086 MiB
2026/10/01 08:11:37.300, 100 %, 10086 MiB
2026/10/01 08:12:37.307, 91 %, 10086 MiB
2026/10/01 08:13:37.314, 92 %, 10086 MiB
2026/10/01 08:14:37.321, 91 %, 10086 MiB
2026/10/01 08:15:37.328, 100 %, 10086 MiB
2026/10/01 08:16:37.335, 93 %, 10086 MiB
2026/10/01 08:17:37.341, 92 %, 10086 MiB
2026/10/01 08:18:37.348, 100 %, 10086 MiB
2026/10/01 08:19:37.355, 93 %, 10086 MiB
2026/10/01 08:20:37.362, 95 %, 10086 MiB
2026/10/01 08:21:37.368, 93 %, 10086 MiB
2026/10/01 08:22:37.375, 92 %, 10086 MiB
2026/10/01 08:23:37.382, 98 %, 10086 MiB
2026/10/01 08:24:37.389, 89 %, 10086 MiB
2026/10/01 08:25:37.396, 92 %, 10086 MiB
2026/10/01 08:26:37.403, 97 %, 10086 MiB
2026/10/01 08:27:37.410, 100 %, 10086 MiB
2026/10/01 08:28:37.417, 100 %, 10086 MiB
2026/10/01 08:29:37.424, 100 %, 10086 MiB
2026/10/01 08:30:37.431, 93 %, 10086 MiB
2026/10/01 08:31:37.438, 97 %, 10086 MiB
2026/10/01 08:32:37.444, 100 %, 10086 MiB
2026/10/01 08:33:37.451, 100 %, 10086 MiB
2026/10/01 08:34:37.458, 100 %, 10086 MiB
2026/10/01 08:35:37.465, 93 %, 10086 MiB
2026/10/01 08:36:37.472, 92 %, 10086 MiB
2026/10/01 08:37:37.478, 92 %, 10086 MiB
2026/10/01 08:38:37.485, 91 %, 10086 MiB
2026/10/01 08:39:37.492, 98 %, 10086 MiB
2026/10/01 08:40:37.500, 97 %, 10086 MiB
2026/10/01 08:41:37.507, 92 %, 10086 MiB
2026/10/01 08:42:37.514, 94 %, 10086 MiB
2026/10/01 08:43:37.521, 100 %, 10086 MiB
2026/10/01 08:44:37.527, 93 %, 10086 MiB
2026/10/01 08:45:37.534, 100 %, 10086 MiB
2026/10/01 08:46:37.540, 92 %, 10086 MiB
2026/10/01 08:47:37.547, 92 %, 10086 MiB
2026/10/01 08:48:37.554, 91 %, 10086 MiB
2026/10/01 08:49:37.561, 100 %, 10086 MiB
2026/10/01 08:50:37.568, 100 %, 10086 MiB
2026/10/01 08:51:37.575, 92 %, 10086 MiB
2026/10/01 08:52:37.581, 98 %, 10086 MiB
2026/10/01 08:53:37.588, 100 %, 10086 MiB
2026/10/01 08:54:37.595, 98 %, 10086 MiB
2026/10/01 08:55:37.601, 97 %, 10182 MiB
2026/10/01 08:56:37.608, 89 %, 10182 MiB
2026/10/01 08:57:37.615, 91 %, 10182 MiB
2026/10/01 08:58:37.623, 92 %, 10182 MiB
2026/10/01 08:59:37.630, 100 %, 10182 MiB
2026/10/01 09:00:37.636, 93 %, 10182 MiB
2026/10/01 09:01:37.644, 100 %, 10182 MiB
2026/10/01 09:02:37.651, 91 %, 10182 MiB
2026/10/01 09:03:37.658, 93 %, 10182 MiB
2026/10/01 09:04:37.664, 93 %, 10182 MiB
2026/10/01 09:05:37.671, 100 %, 10182 MiB
2026/10/01 09:06:37.678, 97 %, 10182 MiB
2026/10/01 09:07:37.685, 93 %, 10182 MiB
2026/10/01 09:08:37.692, 94 %, 10182 MiB
2026/10/01 09:09:37.699, 94 %, 10182 MiB
2026/10/01 09:10:37.705, 92 %, 10182 MiB
2026/10/01 09:11:37.712, 97 %, 10182 MiB
2026/10/01 09:12:37.719, 92 %, 10182 MiB
2026/10/01 09:13:37.725, 93 %, 10182 MiB
2026/10/01 09:14:37.732, 92 %, 10182 MiB
2026/10/01 09:15:37.739, 93 %, 10182 MiB
2026/10/01 09:16:37.745, 97 %, 10182 MiB
2026/10/01 09:17:37.752, 92 %, 10182 MiB
2026/10/01 09:18:37.759, 92 %, 10182 MiB
2026/10/01 09:19:37.766, 98 %, 10182 MiB
2026/10/01 09:20:37.773, 100 %, 10182 MiB
2026/10/01 09:21:37.779, 94 %, 10182 MiB
2026/10/01 09:22:37.786, 93 %, 10182 MiB
2026/10/01 09:23:37.793, 100 %, 10182 MiB
2026/10/01 09:24:37.800, 93 %, 10182 MiB
2026/10/01 09:25:37.806, 92 %, 10182 MiB
2026/10/01 09:26:37.813, 92 %, 10182 MiB
2026/10/01 09:27:37.820, 100 %, 10182 MiB
2026/10/01 09:28:37.827, 0 %, 10182 MiB
2026/10/01 09:29:37.833, 100 %, 10182 MiB
2026/10/01 09:30:37.840, 97 %, 10182 MiB
2026/10/01 09:31:37.847, 92 %, 10182 MiB
2026/10/01 09:32:37.853, 97 %, 10182 MiB
2026/10/01 09:33:37.860, 92 %, 10182 MiB
2026/10/01 09:34:37.866, 97 %, 10182 MiB
2026/10/01 09:35:37.873, 98 %, 10182 MiB
2026/10/01 09:36:37.880, 97 %, 10182 MiB
2026/10/01 09:37:37.886, 100 %, 10182 MiB
2026/10/01 09:38:37.893, 93 %, 10182 MiB
2026/10/01 09:39:37.900, 98 %, 10182 MiB
2026/10/01 09:40:37.907, 100 %, 10182 MiB
2026/10/01 09:41:37.913, 100 %, 10182 MiB
2026/10/01 09:42:37.920, 100 %, 10182 MiB
2026/10/01 09:43:37.927, 90 %, 10182 MiB
2026/10/01 09:44:37.933, 92 %, 10182 MiB
2026/10/01 09:45:37.939, 97 %, 10182 MiB
2026/10/01 09:46:37.946, 93 %, 10182 MiB
2026/10/01 09:47:37.953, 97 %, 10182 MiB
2026/10/01 09:48:37.960, 93 %, 10182 MiB
2026/10/01 09:49:37.967, 92 %, 10182 MiB
2026/10/01 09:50:37.974, 100 %, 10182 MiB
2026/10/01 09:51:37.981, 93 %, 10182 MiB
2026/10/01 09:52:37.987, 92 %, 10182 MiB
2026/10/01 09:53:37.994, 92 %, 10182 MiB
2026/10/01 09:54:38.001, 93 %, 10182 MiB
2026/10/01 09:55:38.008, 100 %, 10182 MiB
2026/10/01 09:56:38.014, 94 %, 10182 MiB
2026/10/01 09:57:38.021, 91 %, 10182 MiB
2026/10/01 09:58:38.027, 97 %, 10182 MiB
2026/10/01 09:59:38.034, 95 %, 10182 MiB
2026/10/01 10:00:38.041, 100 %, 10182 MiB
2026/10/01 10:01:38.047, 98 %, 10182 MiB
2026/10/01 10:02:38.054, 100 %, 10182 MiB
2026/10/01 10:03:38.060, 92 %, 10182 MiB
2026/10/01 10:04:38.067, 92 %, 10182 MiB
2026/10/01 10:05:38.074, 97 %, 10182 MiB
2026/10/01 10:06:38.081, 93 %, 10182 MiB
2026/10/01 10:07:38.088, 92 %, 10182 MiB
2026/10/01 10:08:38.095, 100 %, 10182 MiB
2026/10/01 10:09:38.101, 99 %, 10182 MiB
2026/10/01 10:10:38.108, 93 %, 10182 MiB
2026/10/01 10:11:38.115, 100 %, 10182 MiB
2026/10/01 10:12:38.121, 97 %, 10182 MiB
2026/10/01 10:13:38.128, 93 %, 10182 MiB
2026/10/01 10:14:38.135, 92 %, 10182 MiB
2026/10/01 10:15:38.141, 92 %, 10182 MiB
2026/10/01 10:16:38.148, 93 %, 10182 MiB
2026/10/01 10:17:38.154, 97 %, 10182 MiB
2026/10/01 10:18:38.160, 98 %, 10182 MiB
2026/10/01 10:19:38.167, 100 %, 10182 MiB
2026/10/01 10:20:38.174, 100 %, 10182 MiB
2026/10/01 10:21:38.180, 92 %, 10182 MiB
2026/10/01 10:22:38.187, 92 %, 10182 MiB
2026/10/01 10:23:38.193, 93 %, 10182 MiB
2026/10/01 10:24:38.200, 97 %, 10182 MiB
2026/10/01 10:25:38.207, 93 %, 10182 MiB
2026/10/01 10:26:38.214, 100 %, 10182 MiB
2026/10/01 10:27:38.220, 97 %, 10182 MiB
2026/10/01 10:28:38.227, 100 %, 10182 MiB
2026/10/01 10:29:38.234, 100 %, 10182 MiB
2026/10/01 10:30:38.240, 92 %, 10182 MiB
2026/10/01 10:31:38.247, 100 %, 10182 MiB
2026/10/01 10:32:38.253, 93 %, 10182 MiB
2026/10/01 10:33:38.261, 92 %, 10182 MiB
2026/10/01 10:34:38.267, 97 %, 10182 MiB
2026/10/01 10:35:38.274, 93 %, 10182 MiB
2026/10/01 10:36:38.280, 97 %, 10182 MiB
2026/10/01 10:37:38.287, 100 %, 10182 MiB
2026/10/01 10:38:38.295, 100 %, 10182 MiB
2026/10/01 10:39:38.301, 100 %, 10182 MiB
2026/10/01 10:40:38.308, 92 %, 10182 MiB
2026/10/01 10:41:38.314, 92 %, 10182 MiB
2026/10/01 10:42:38.321, 86 %, 10182 MiB
2026/10/01 10:43:38.328, 100 %, 10182 MiB
2026/10/01 10:44:38.334, 97 %, 10182 MiB
2026/10/01 10:45:38.341, 100 %, 10182 MiB
2026/10/01 10:46:38.348, 100 %, 10182 MiB
2026/10/01 10:47:38.355, 92 %, 10182 MiB
2026/10/01 10:48:38.361, 91 %, 10182 MiB
2026/10/01 10:49:38.368, 99 %, 10182 MiB
2026/10/01 10:50:38.375, 92 %, 10182 MiB
2026/10/01 10:51:38.382, 94 %, 10182 MiB
2026/10/01 10:52:38.389, 100 %, 10182 MiB
2026/10/01 10:53:38.396, 100 %, 10182 MiB
2026/10/01 10:54:38.402, 92 %, 10182 MiB
2026/10/01 10:55:38.409, 92 %, 10182 MiB
2026/10/01 10:56:38.416, 100 %, 10182 MiB
2026/10/01 10:57:38.423, 93 %, 10182 MiB
2026/10/01 10:58:38.430, 92 %, 10182 MiB
2026/10/01 10:59:38.437, 92 %, 10182 MiB
2026/10/01 11:00:38.444, 93 %, 10182 MiB
2026/10/01 11:01:38.451, 93 %, 10182 MiB
2026/10/01 11:02:38.458, 92 %, 10182 MiB
2026/10/01 11:03:38.464, 97 %, 10182 MiB
2026/10/01 11:04:38.472, 100 %, 10182 MiB
2026/10/01 11:05:38.478, 91 %, 10182 MiB
2026/10/01 11:06:38.485, 97 %, 10182 MiB
2026/10/01 11:07:38.492, 93 %, 10182 MiB
2026/10/01 11:08:38.498, 100 %, 10182 MiB
2026/10/01 11:09:38.504, 92 %, 10182 MiB
2026/10/01 11:10:38.512, 100 %, 10182 MiB
2026/10/01 11:11:38.518, 97 %, 10182 MiB
2026/10/01 11:12:38.525, 92 %, 10182 MiB
2026/10/01 11:13:38.532, 100 %, 10182 MiB
2026/10/01 11:14:38.539, 100 %, 10182 MiB
2026/10/01 11:15:38.546, 100 %, 10182 MiB
2026/10/01 11:16:38.552, 93 %, 10182 MiB
2026/10/01 11:17:38.559, 94 %, 10182 MiB
2026/10/01 11:18:38.565, 100 %, 10182 MiB
2026/10/01 11:19:38.572, 98 %, 10182 MiB
2026/10/01 11:20:38.578, 100 %, 10182 MiB
2026/10/01 11:21:38.585, 97 %, 10182 MiB
2026/10/01 11:22:38.592, 100 %, 10182 MiB
2026/10/01 11:23:38.599, 93 %, 10182 MiB
2026/10/01 11:24:38.605, 92 %, 10182 MiB
2026/10/01 11:25:38.612, 94 %, 10182 MiB
2026/10/01 11:26:38.618, 100 %, 10182 MiB
2026/10/01 11:27:38.625, 92 %, 10182 MiB
2026/10/01 11:28:38.632, 93 %, 10182 MiB
2026/10/01 11:29:38.639, 92 %, 10182 MiB
2026/10/01 11:30:38.645, 92 %, 10182 MiB
2026/10/01 11:31:38.652, 97 %, 10182 MiB
2026/10/01 11:32:38.659, 93 %, 10182 MiB
2026/10/01 11:33:38.666, 92 %, 10182 MiB
2026/10/01 11:34:38.672, 92 %, 10182 MiB
2026/10/01 11:35:38.679, 92 %, 10182 MiB
2026/10/01 11:36:38.686, 97 %, 10182 MiB
2026/10/01 11:37:38.694, 92 %, 10182 MiB
2026/10/01 11:38:38.700, 97 %, 10182 MiB
2026/10/01 11:39:38.707, 100 %, 10182 MiB
2026/10/01 11:40:38.714, 92 %, 10182 MiB
2026/10/01 11:41:38.721, 79 %, 10182 MiB
2026/10/01 11:42:38.727, 86 %, 10182 MiB
2026/10/01 11:43:38.734, 97 %, 10182 MiB
2026/10/01 11:44:38.741, 98 %, 10182 MiB
2026/10/01 11:45:38.748, 92 %, 10182 MiB
2026/10/01 11:46:38.754, 92 %, 10182 MiB
2026/10/01 11:47:38.761, 100 %, 10182 MiB
2026/10/01 11:48:38.768, 97 %, 10182 MiB
2026/10/01 11:49:38.774, 91 %, 10182 MiB
2026/10/01 11:50:38.782, 100 %, 10182 MiB
2026/10/01 11:51:38.788, 91 %, 10182 MiB
2026/10/01 11:52:38.795, 92 %, 10182 MiB
2026/10/01 11:53:38.801, 97 %, 10182 MiB
2026/10/01 11:54:38.807, 92 %, 10182 MiB
2026/10/01 11:55:38.814, 92 %, 10182 MiB
2026/10/01 11:56:38.820, 97 %, 10182 MiB
2026/10/01 11:57:38.827, 100 %, 10182 MiB
2026/10/01 11:58:38.834, 100 %, 10182 MiB
2026/10/01 11:59:38.840, 98 %, 10182 MiB
2026/10/01 12:00:38.847, 98 %, 10182 MiB
2026/10/01 12:01:38.854, 97 %, 10182 MiB
2026/10/01 12:02:38.861, 91 %, 10182 MiB
2026/10/01 12:03:38.867, 98 %, 10182 MiB
2026/10/01 12:04:38.874, 92 %, 10182 MiB
2026/10/01 12:05:38.881, 92 %, 10182 MiB
2026/10/01 12:06:38.888, 97 %, 10182 MiB
2026/10/01 12:07:38.894, 100 %, 10182 MiB
2026/10/01 12:08:38.901, 92 %, 10182 MiB
2026/10/01 12:09:38.908, 92 %, 10182 MiB
2026/10/01 12:10:38.914, 91 %, 10182 MiB
2026/10/01 12:11:38.921, 100 %, 10182 MiB
2026/10/01 12:12:38.928, 92 %, 10182 MiB
2026/10/01 12:13:38.935, 93 %, 10182 MiB
2026/10/01 12:14:38.942, 92 %, 10182 MiB
2026/10/01 12:15:38.949, 97 %, 10182 MiB
2026/10/01 12:16:38.956, 100 %, 10182 MiB
2026/10/01 12:17:38.963, 91 %, 10182 MiB
2026/10/01 12:18:38.970, 100 %, 10182 MiB
2026/10/01 12:19:38.976, 100 %, 10182 MiB
2026/10/01 12:20:38.982, 93 %, 10182 MiB
2026/10/01 12:21:38.988, 96 %, 10182 MiB
2026/10/01 12:22:38.995, 93 %, 10182 MiB
2026/10/01 12:23:39.002, 97 %, 10182 MiB
2026/10/01 12:24:39.009, 92 %, 10182 MiB
2026/10/01 12:25:39.016, 90 %, 10182 MiB
2026/10/01 12:26:39.023, 92 %, 10182 MiB
2026/10/01 12:27:39.030, 92 %, 10182 MiB
2026/10/01 12:28:39.036, 97 %, 10182 MiB
2026/10/01 12:29:39.043, 92 %, 10182 MiB
2026/10/01 12:30:39.050, 92 %, 10182 MiB
2026/10/01 12:31:39.057, 100 %, 10182 MiB
2026/10/01 12:32:39.064, 93 %, 10182 MiB
2026/10/01 12:33:39.070, 96 %, 10182 MiB
2026/10/01 12:34:39.077, 93 %, 10182 MiB
2026/10/01 12:35:39.084, 100 %, 10182 MiB
2026/10/01 12:36:39.090, 92 %, 10182 MiB
2026/10/01 12:37:39.096, 92 %, 10182 MiB
2026/10/01 12:38:39.104, 100 %, 10182 MiB
2026/10/01 12:39:39.110, 93 %, 10182 MiB
2026/10/01 12:40:39.116, 100 %, 10182 MiB
2026/10/01 12:41:39.123, 100 %, 10182 MiB
2026/10/01 12:42:39.129, 93 %, 10182 MiB
2026/10/01 12:43:39.136, 92 %, 10182 MiB
2026/10/01 12:44:39.143, 93 %, 10182 MiB
2026/10/01 12:45:39.149, 92 %, 10182 MiB
2026/10/01 12:46:39.157, 98 %, 10182 MiB
2026/10/01 12:47:39.163, 100 %, 10182 MiB
2026/10/01 12:48:39.170, 93 %, 10182 MiB
2026/10/01 12:49:39.177, 100 %, 10182 MiB
2026/10/01 12:50:39.184, 97 %, 10182 MiB
2026/10/01 12:51:39.190, 92 %, 10182 MiB
2026/10/01 12:52:39.197, 92 %, 10182 MiB
2026/10/01 12:53:39.203, 97 %, 10182 MiB
2026/10/01 12:54:39.210, 93 %, 10182 MiB
2026/10/01 12:55:39.217, 100 %, 10182 MiB
2026/10/01 12:56:39.224, 91 %, 10182 MiB
2026/10/01 12:57:39.231, 99 %, 10182 MiB
2026/10/01 12:58:39.237, 91 %, 10182 MiB
2026/10/01 12:59:39.244, 91 %, 10182 MiB
2026/10/01 13:00:39.251, 100 %, 10182 MiB
2026/10/01 13:01:39.257, 92 %, 10182 MiB
2026/10/01 13:02:39.264, 92 %, 10182 MiB
2026/10/01 13:03:39.271, 92 %, 10182 MiB
2026/10/01 13:04:39.278, 93 %, 10182 MiB
2026/10/01 13:05:39.285, 100 %, 10182 MiB
2026/10/01 13:06:39.292, 100 %, 10182 MiB
2026/10/01 13:07:39.300, 93 %, 10182 MiB
2026/10/01 13:08:39.306, 100 %, 10182 MiB
2026/10/01 13:09:39.313, 100 %, 10182 MiB
2026/10/01 13:10:39.319, 100 %, 10182 MiB
2026/10/01 13:11:39.326, 95 %, 10182 MiB
2026/10/01 13:12:39.332, 92 %, 10182 MiB
2026/10/01 13:13:39.339, 100 %, 10182 MiB
2026/10/01 13:14:39.345, 100 %, 10182 MiB
2026/10/01 13:15:39.353, 97 %, 10182 MiB
2026/10/01 13:16:39.359, 92 %, 10182 MiB
2026/10/01 13:17:39.366, 100 %, 10182 MiB
2026/10/01 13:18:39.373, 97 %, 10182 MiB
2026/10/01 13:19:39.379, 93 %, 10182 MiB
2026/10/01 13:20:39.386, 92 %, 10182 MiB
2026/10/01 13:21:39.393, 93 %, 10182 MiB
2026/10/01 13:22:39.400, 97 %, 10182 MiB
2026/10/01 13:23:39.406, 91 %, 10182 MiB
2026/10/01 13:24:39.413, 92 %, 10182 MiB
2026/10/01 13:25:39.419, 97 %, 10182 MiB
2026/10/01 13:26:39.425, 98 %, 10182 MiB
2026/10/01 13:27:39.432, 100 %, 10182 MiB
2026/10/01 13:28:39.439, 100 %, 10182 MiB
2026/10/01 13:29:39.446, 100 %, 10182 MiB
2026/10/01 13:30:39.452, 100 %, 10182 MiB
2026/10/01 13:31:39.459, 100 %, 10182 MiB
2026/10/01 13:32:39.466, 93 %, 10182 MiB
2026/10/01 13:33:39.473, 97 %, 10182 MiB
2026/10/01 13:34:39.480, 91 %, 10182 MiB
2026/10/01 13:35:39.488, 100 %, 10182 MiB
2026/10/01 13:36:39.494, 100 %, 10182 MiB
2026/10/01 13:37:39.501, 97 %, 10182 MiB
2026/10/01 13:38:39.508, 100 %, 10182 MiB
2026/10/01 13:39:39.515, 93 %, 10182 MiB
2026/10/01 13:40:39.522, 91 %, 10182 MiB
2026/10/01 13:41:39.528, 92 %, 10182 MiB
2026/10/01 13:42:39.535, 90 %, 10182 MiB
2026/10/01 13:43:39.542, 97 %, 10182 MiB
2026/10/01 13:44:39.548, 100 %, 10182 MiB
2026/10/01 13:45:39.554, 100 %, 10182 MiB
2026/10/01 13:46:39.561, 100 %, 10182 MiB
2026/10/01 13:47:39.567, 92 %, 10182 MiB
2026/10/01 13:48:39.574, 93 %, 10182 MiB
2026/10/01 13:49:39.580, 90 %, 10182 MiB
2026/10/01 13:50:39.587, 92 %, 10182 MiB
2026/10/01 13:51:39.593, 93 %, 10182 MiB
2026/10/01 13:52:39.600, 91 %, 10182 MiB
2026/10/01 13:53:39.606, 91 %, 10182 MiB
2026/10/01 13:54:39.613, 94 %, 10182 MiB
2026/10/01 13:55:39.619, 97 %, 10182 MiB
2026/10/01 13:56:39.626, 98 %, 10182 MiB
2026/10/01 13:57:39.633, 93 %, 10182 MiB
2026/10/01 13:58:39.640, 98 %, 10182 MiB
2026/10/01 13:59:39.647, 93 %, 10182 MiB
2026/10/01 14:00:39.654, 100 %, 10182 MiB
2026/10/01 14:01:39.661, 93 %, 10182 MiB
2026/10/01 14:02:39.667, 100 %, 10182 MiB
2026/10/01 14:03:39.674, 92 %, 10182 MiB
2026/10/01 14:04:39.681, 93 %, 10182 MiB
2026/10/01 14:05:39.687, 91 %, 10182 MiB
2026/10/01 14:06:39.694, 97 %, 10182 MiB
2026/10/01 14:07:39.701, 92 %, 10182 MiB
2026/10/01 14:08:39.708, 92 %, 10182 MiB
2026/10/01 14:09:39.715, 100 %, 10182 MiB
2026/10/01 14:10:39.721, 97 %, 10182 MiB
2026/10/01 14:11:39.728, 84 %, 10182 MiB
2026/10/01 14:12:39.735, 91 %, 10182 MiB
2026/10/01 14:13:39.741, 100 %, 10182 MiB
2026/10/01 14:14:39.748, 92 %, 10182 MiB
2026/10/01 14:15:39.755, 100 %, 10182 MiB
2026/10/01 14:16:39.762, 100 %, 10182 MiB
2026/10/01 14:17:39.769, 100 %, 10182 MiB
2026/10/01 14:18:39.776, 91 %, 10182 MiB
2026/10/01 14:19:39.782, 91 %, 10182 MiB
2026/10/01 14:20:39.789, 97 %, 10182 MiB
2026/10/01 14:21:39.796, 88 %, 10182 MiB
2026/10/01 14:22:39.803, 94 %, 10182 MiB
2026/10/01 14:23:39.811, 0 %, 10182 MiB
2026/10/01 14:24:39.817, 92 %, 10182 MiB
2026/10/01 14:25:39.824, 97 %, 10182 MiB
2026/10/01 14:26:39.830, 100 %, 10182 MiB
2026/10/01 14:27:39.837, 91 %, 10182 MiB
2026/10/01 14:28:39.843, 97 %, 10182 MiB
2026/10/01 14:29:39.850, 91 %, 10182 MiB
2026/10/01 14:30:39.857, 92 %, 10182 MiB
2026/10/01 14:31:39.863, 99 %, 10182 MiB
2026/10/01 14:32:39.870, 100 %, 10182 MiB
2026/10/01 14:33:39.877, 92 %, 10182 MiB
2026/10/01 14:34:39.884, 100 %, 10182 MiB
2026/10/01 14:35:39.891, 100 %, 10182 MiB
2026/10/01 14:36:39.898, 93 %, 10182 MiB
2026/10/01 14:37:39.905, 92 %, 10182 MiB
2026/10/01 14:38:39.912, 97 %, 10182 MiB
2026/10/01 14:39:39.919, 100 %, 10182 MiB
2026/10/01 14:40:39.925, 93 %, 10182 MiB
2026/10/01 14:41:39.932, 97 %, 10182 MiB
2026/10/01 14:42:39.939, 92 %, 10182 MiB
2026/10/01 14:43:39.946, 98 %, 10182 MiB
2026/10/01 14:44:39.953, 99 %, 10182 MiB
2026/10/01 14:45:39.960, 93 %, 10182 MiB
2026/10/01 14:46:39.967, 92 %, 10182 MiB
2026/10/01 14:47:39.974, 94 %, 10182 MiB
2026/10/01 14:48:39.980, 93 %, 10182 MiB
2026/10/01 14:49:39.986, 100 %, 10182 MiB
2026/10/01 14:50:39.993, 97 %, 10182 MiB
2026/10/01 14:51:40.000, 92 %, 10182 MiB
2026/10/01 14:52:40.007, 97 %, 10182 MiB
2026/10/01 14:53:40.013, 100 %, 10182 MiB
2026/10/01 14:54:40.020, 98 %, 10182 MiB
2026/10/01 14:55:40.027, 93 %, 10182 MiB
2026/10/01 14:56:40.033, 92 %, 10182 MiB
2026/10/01 14:57:40.039, 93 %, 10182 MiB
2026/10/01 14:58:40.046, 100 %, 10182 MiB
2026/10/01 14:59:40.053, 92 %, 10182 MiB
2026/10/01 15:00:40.059, 98 %, 10182 MiB
2026/10/01 15:01:40.066, 100 %, 10182 MiB
2026/10/01 15:02:40.072, 92 %, 10182 MiB
2026/10/01 15:03:40.078, 89 %, 10182 MiB
2026/10/01 15:04:40.085, 97 %, 10182 MiB
2026/10/01 15:05:40.091, 92 %, 10182 MiB
2026/10/01 15:06:40.098, 91 %, 10182 MiB
2026/10/01 15:07:40.104, 93 %, 10182 MiB
2026/10/01 15:08:40.111, 99 %, 10182 MiB
2026/10/01 15:09:40.117, 100 %, 10182 MiB
2026/10/01 15:10:40.124, 100 %, 10182 MiB
2026/10/01 15:11:40.131, 97 %, 10182 MiB
2026/10/01 15:12:40.138, 0 %, 10182 MiB
2026/10/01 15:13:40.145, 100 %, 10182 MiB
2026/10/01 15:14:40.152, 100 %, 10182 MiB
2026/10/01 15:15:40.159, 100 %, 10182 MiB
2026/10/01 15:16:40.165, 92 %, 10182 MiB
2026/10/01 15:17:40.172, 93 %, 10182 MiB
2026/10/01 15:18:40.179, 92 %, 10182 MiB
2026/10/01 15:19:40.186, 100 %, 10182 MiB
2026/10/01 15:20:40.193, 92 %, 10182 MiB
2026/10/01 15:21:40.200, 97 %, 10182 MiB
2026/10/01 15:22:40.206, 100 %, 10182 MiB
2026/10/01 15:23:40.213, 93 %, 10182 MiB
2026/10/01 15:24:40.219, 100 %, 10182 MiB
2026/10/01 15:25:40.226, 93 %, 10182 MiB
2026/10/01 15:26:40.232, 100 %, 10182 MiB
2026/10/01 15:27:40.239, 100 %, 10182 MiB
2026/10/01 15:28:40.246, 92 %, 10182 MiB
2026/10/01 15:29:40.253, 100 %, 10182 MiB
2026/10/01 15:30:40.260, 98 %, 10182 MiB
2026/10/01 15:31:40.267, 100 %, 10182 MiB
2026/10/01 15:32:40.274, 100 %, 10182 MiB
2026/10/01 15:33:40.280, 98 %, 10182 MiB
2026/10/01 15:34:40.287, 100 %, 10182 MiB
2026/10/01 15:35:40.294, 100 %, 10182 MiB
2026/10/01 15:36:40.301, 97 %, 10182 MiB
2026/10/01 15:37:40.308, 92 %, 10182 MiB
2026/10/01 15:38:40.315, 93 %, 10182 MiB
2026/10/01 15:39:40.322, 97 %, 10182 MiB
2026/10/01 15:40:40.329, 100 %, 10182 MiB
2026/10/01 15:41:40.336, 93 %, 10182 MiB
2026/10/01 15:42:40.343, 100 %, 10182 MiB
2026/10/01 15:43:40.350, 98 %, 10182 MiB
2026/10/01 15:44:40.357, 92 %, 10182 MiB
2026/10/01 15:45:40.364, 100 %, 10182 MiB
2026/10/01 15:46:40.370, 100 %, 10182 MiB
2026/10/01 15:47:40.377, 92 %, 10182 MiB
2026/10/01 15:48:40.384, 92 %, 10182 MiB
2026/10/01 15:49:40.391, 92 %, 10182 MiB
2026/10/01 15:50:40.397, 93 %, 10182 MiB
2026/10/01 15:51:40.404, 93 %, 10182 MiB
2026/10/01 15:52:40.410, 91 %, 10182 MiB
2026/10/01 15:53:40.418, 93 %, 10182 MiB
2026/10/01 15:54:40.425, 100 %, 10182 MiB
2026/10/01 15:55:40.431, 100 %, 10182 MiB
2026/10/01 15:56:40.438, 91 %, 10182 MiB
2026/10/01 15:57:40.445, 93 %, 10182 MiB
2026/10/01 15:58:40.452, 95 %, 10182 MiB
2026/10/01 15:59:40.458, 100 %, 10182 MiB
2026/10/01 16:00:40.465, 93 %, 10182 MiB
2026/10/01 16:01:40.472, 0 %, 10182 MiB
2026/10/01 16:02:40.479, 92 %, 10182 MiB
2026/10/01 16:03:40.486, 92 %, 10182 MiB
2026/10/01 16:04:40.493, 100 %, 10182 MiB
2026/10/01 16:05:40.499, 97 %, 10182 MiB
2026/10/01 16:06:40.506, 92 %, 10182 MiB
2026/10/01 16:07:40.513, 92 %, 10182 MiB
2026/10/01 16:08:40.519, 91 %, 10182 MiB
2026/10/01 16:09:40.526, 91 %, 10182 MiB
2026/10/01 16:10:40.534, 100 %, 10182 MiB
2026/10/01 16:11:40.540, 91 %, 10182 MiB
2026/10/01 16:12:40.547, 97 %, 10182 MiB
2026/10/01 16:13:40.553, 92 %, 10182 MiB
2026/10/01 16:14:40.560, 92 %, 10182 MiB
2026/10/01 16:15:40.567, 92 %, 10182 MiB
2026/10/01 16:16:40.574, 94 %, 10182 MiB
2026/10/01 16:17:40.581, 98 %, 10182 MiB
2026/10/01 16:18:40.588, 97 %, 10182 MiB
2026/10/01 16:19:40.595, 92 %, 10182 MiB
2026/10/01 16:20:40.601, 98 %, 10182 MiB
2026/10/01 16:21:40.608, 100 %, 10182 MiB
2026/10/01 16:22:40.615, 100 %, 10182 MiB
2026/10/01 16:23:40.621, 93 %, 10182 MiB
2026/10/01 16:24:40.628, 91 %, 10182 MiB
2026/10/01 16:25:40.635, 92 %, 10182 MiB
2026/10/01 16:26:40.641, 92 %, 10182 MiB
2026/10/01 16:27:40.648, 95 %, 10182 MiB
2026/10/01 16:28:40.654, 91 %, 10182 MiB
2026/10/01 16:29:40.662, 95 %, 10182 MiB
2026/10/01 16:30:40.669, 99 %, 10182 MiB
2026/10/01 16:31:40.676, 100 %, 10182 MiB
2026/10/01 16:32:40.682, 100 %, 10182 MiB
2026/10/01 16:33:40.688, 93 %, 10182 MiB
2026/10/01 16:34:40.696, 91 %, 10182 MiB
2026/10/01 16:35:40.702, 92 %, 10182 MiB
2026/10/01 16:36:40.708, 92 %, 10182 MiB
2026/10/01 16:37:40.715, 100 %, 10182 MiB
2026/10/01 16:38:40.721, 100 %, 10182 MiB
2026/10/01 16:39:40.728, 92 %, 10182 MiB
2026/10/01 16:40:40.734, 92 %, 10182 MiB
2026/10/01 16:41:40.741, 88 %, 10182 MiB
2026/10/01 16:42:40.748, 92 %, 10182 MiB
2026/10/01 16:43:40.755, 99 %, 10182 MiB
2026/10/01 16:44:40.762, 100 %, 10182 MiB
2026/10/01 16:45:40.769, 100 %, 10182 MiB
2026/10/01 16:46:40.776, 92 %, 10182 MiB
2026/10/01 16:47:40.783, 92 %, 10182 MiB
2026/10/01 16:48:40.790, 92 %, 10182 MiB
2026/10/01 16:49:40.797, 92 %, 10182 MiB
2026/10/01 16:50:40.804, 0 %, 10182 MiB
2026/10/01 16:51:40.810, 94 %, 10182 MiB
2026/10/01 16:52:40.817, 97 %, 10182 MiB
2026/10/01 16:53:40.824, 91 %, 10182 MiB
2026/10/01 16:54:40.831, 93 %, 10182 MiB
2026/10/01 16:55:40.837, 93 %, 10182 MiB
2026/10/01 16:56:40.844, 100 %, 10182 MiB
2026/10/01 16:57:40.851, 98 %, 10182 MiB
2026/10/01 16:58:40.859, 100 %, 10182 MiB
2026/10/01 16:59:40.865, 100 %, 10182 MiB
2026/10/01 17:00:40.872, 100 %, 10182 MiB
2026/10/01 17:01:40.879, 100 %, 10182 MiB
2026/10/01 17:02:40.885, 100 %, 10182 MiB
2026/10/01 17:03:40.892, 100 %, 10182 MiB
2026/10/01 17:04:40.899, 91 %, 10182 MiB
2026/10/01 17:05:40.905, 100 %, 10182 MiB
2026/10/01 17:06:40.912, 93 %, 10182 MiB
2026/10/01 17:07:40.919, 97 %, 10182 MiB
2026/10/01 17:08:40.925, 92 %, 10182 MiB
2026/10/01 17:09:40.932, 92 %, 10182 MiB
2026/10/01 17:10:40.938, 100 %, 10182 MiB
2026/10/01 17:11:40.945, 100 %, 10182 MiB
2026/10/01 17:12:40.952, 91 %, 10182 MiB
2026/10/01 17:13:40.959, 93 %, 10182 MiB
2026/10/01 17:14:40.966, 93 %, 10182 MiB
2026/10/01 17:15:40.973, 98 %, 10182 MiB
2026/10/01 17:16:40.980, 100 %, 10182 MiB
2026/10/01 17:17:40.987, 93 %, 10182 MiB
2026/10/01 17:18:40.994, 100 %, 10182 MiB
2026/10/01 17:19:41.001, 98 %, 10182 MiB
2026/10/01 17:20:41.008, 100 %, 10182 MiB
2026/10/01 17:21:41.014, 99 %, 10182 MiB
2026/10/01 17:22:41.021, 92 %, 10182 MiB
2026/10/01 17:23:41.028, 100 %, 10182 MiB
2026/10/01 17:24:41.035, 100 %, 10182 MiB
2026/10/01 17:25:41.042, 100 %, 10182 MiB
2026/10/01 17:26:41.049, 100 %, 10182 MiB
2026/10/01 17:27:41.056, 98 %, 10182 MiB
2026/10/01 17:28:41.063, 100 %, 10182 MiB
2026/10/01 17:29:41.070, 100 %, 10182 MiB
2026/10/01 17:30:41.077, 100 %, 10182 MiB
2026/10/01 17:31:41.084, 100 %, 10182 MiB
2026/10/01 17:32:41.091, 100 %, 10182 MiB
2026/10/01 17:33:41.098, 100 %, 10182 MiB
2026/10/01 17:34:41.104, 100 %, 10182 MiB
2026/10/01 17:35:41.111, 98 %, 10182 MiB
2026/10/01 17:36:41.117, 100 %, 10182 MiB
2026/10/01 17:37:41.124, 100 %, 10182 MiB
2026/10/01 17:38:41.130, 97 %, 10182 MiB
2026/10/01 17:39:41.137, 0 %, 10182 MiB
2026/10/01 17:40:41.145, 92 %, 10182 MiB
2026/10/01 17:41:41.151, 92 %, 10182 MiB
2026/10/01 17:42:41.158, 93 %, 10182 MiB
2026/10/01 17:43:41.165, 100 %, 10182 MiB
2026/10/01 17:44:41.172, 92 %, 10182 MiB
2026/10/01 17:45:41.178, 92 %, 10182 MiB
2026/10/01 17:46:41.184, 92 %, 10182 MiB
2026/10/01 17:47:41.191, 97 %, 10182 MiB
2026/10/01 17:48:41.197, 98 %, 10182 MiB
2026/10/01 17:49:41.204, 92 %, 10182 MiB
2026/10/01 17:50:41.210, 91 %, 10182 MiB
2026/10/01 17:51:41.217, 93 %, 10182 MiB
2026/10/01 17:52:41.224, 97 %, 10182 MiB
2026/10/01 17:53:41.231, 94 %, 10182 MiB
2026/10/01 17:54:41.238, 100 %, 10182 MiB
2026/10/01 17:55:41.245, 92 %, 10182 MiB
2026/10/01 17:56:41.251, 97 %, 10182 MiB
2026/10/01 17:57:41.258, 93 %, 10182 MiB
2026/10/01 17:58:41.266, 92 %, 10182 MiB
2026/10/01 17:59:41.272, 91 %, 10182 MiB
2026/10/01 18:00:41.279, 97 %, 10182 MiB
2026/10/01 18:01:41.286, 100 %, 10182 MiB
2026/10/01 18:02:41.293, 91 %, 10182 MiB
2026/10/01 18:03:41.300, 100 %, 10182 MiB
2026/10/01 18:04:41.307, 93 %, 10182 MiB
2026/10/01 18:05:41.313, 97 %, 10182 MiB
2026/10/01 18:06:41.320, 100 %, 10182 MiB
2026/10/01 18:07:41.327, 100 %, 10182 MiB
2026/10/01 18:08:41.334, 97 %, 10182 MiB
2026/10/01 18:09:41.341, 92 %, 10182 MiB
2026/10/01 18:10:41.348, 91 %, 10182 MiB
2026/10/01 18:11:41.355, 92 %, 10182 MiB
2026/10/01 18:12:41.361, 97 %, 10182 MiB
2026/10/01 18:13:41.368, 92 %, 10182 MiB
2026/10/01 18:14:41.375, 100 %, 10182 MiB
2026/10/01 18:15:41.381, 100 %, 10182 MiB
2026/10/01 18:16:41.389, 100 %, 10182 MiB
2026/10/01 18:17:41.396, 92 %, 10182 MiB
2026/10/01 18:18:41.403, 100 %, 10182 MiB
2026/10/01 18:19:41.409, 92 %, 10182 MiB
2026/10/01 18:20:41.415, 94 %, 10182 MiB
2026/10/01 18:21:41.423, 97 %, 10182 MiB
2026/10/01 18:22:41.429, 100 %, 10182 MiB
2026/10/01 18:23:41.436, 100 %, 10182 MiB
2026/10/01 18:24:41.442, 100 %, 10182 MiB
2026/10/01 18:25:41.449, 91 %, 10182 MiB
2026/10/01 18:26:41.457, 92 %, 10182 MiB
2026/10/01 18:27:41.464, 92 %, 10182 MiB
2026/10/01 18:28:41.470, 7 %, 10182 MiB
2026/10/01 18:29:41.477, 98 %, 10182 MiB
2026/10/01 18:30:41.484, 92 %, 10182 MiB
2026/10/01 18:31:41.491, 100 %, 10182 MiB
2026/10/01 18:32:41.498, 93 %, 10182 MiB
2026/10/01 18:33:41.505, 93 %, 10182 MiB
2026/10/01 18:34:41.511, 100 %, 10182 MiB
2026/10/01 18:35:41.518, 100 %, 10182 MiB
2026/10/01 18:36:41.525, 89 %, 10182 MiB
2026/10/01 18:37:41.531, 94 %, 10182 MiB
2026/10/01 18:38:41.538, 91 %, 10182 MiB
2026/10/01 18:39:41.545, 100 %, 10182 MiB
2026/10/01 18:40:41.551, 97 %, 10182 MiB
2026/10/01 18:41:41.557, 93 %, 10182 MiB
2026/10/01 18:42:41.564, 96 %, 10182 MiB
2026/10/01 18:43:41.571, 97 %, 10182 MiB
2026/10/01 18:44:41.577, 91 %, 10182 MiB
2026/10/01 18:45:41.583, 100 %, 10182 MiB
2026/10/01 18:46:41.590, 100 %, 10182 MiB
2026/10/01 18:47:41.597, 92 %, 10182 MiB
2026/10/01 18:48:41.604, 97 %, 10182 MiB
2026/10/01 18:49:41.610, 91 %, 10182 MiB
2026/10/01 18:50:41.617, 92 %, 10182 MiB
2026/10/01 18:51:41.624, 97 %, 10182 MiB
2026/10/01 18:52:41.631, 98 %, 10182 MiB
2026/10/01 18:53:41.638, 100 %, 10182 MiB
2026/10/01 18:54:41.645, 97 %, 10182 MiB
2026/10/01 18:55:41.652, 93 %, 10182 MiB
2026/10/01 18:56:41.658, 92 %, 10182 MiB
2026/10/01 18:57:41.664, 97 %, 10182 MiB
2026/10/01 18:58:41.671, 100 %, 10182 MiB
2026/10/01 18:59:41.677, 100 %, 10182 MiB
2026/10/01 19:00:41.684, 100 %, 10182 MiB
2026/10/01 19:01:41.691, 97 %, 10182 MiB
2026/10/01 19:02:41.697, 93 %, 10182 MiB
2026/10/01 19:03:41.704, 100 %, 10182 MiB
2026/10/01 19:04:41.711, 92 %, 10182 MiB
2026/10/01 19:05:41.719, 100 %, 10182 MiB
2026/10/01 19:06:41.726, 94 %, 10182 MiB
2026/10/01 19:07:41.733, 92 %, 10182 MiB
2026/10/01 19:08:41.740, 91 %, 10182 MiB
2026/10/01 19:09:41.747, 100 %, 10182 MiB
2026/10/01 19:10:41.753, 91 %, 10182 MiB
2026/10/01 19:11:41.761, 92 %, 10182 MiB
2026/10/01 19:12:41.767, 92 %, 10182 MiB
2026/10/01 19:13:41.774, 92 %, 10182 MiB
2026/10/01 19:14:41.781, 100 %, 10182 MiB
2026/10/01 19:15:41.787, 100 %, 10182 MiB
2026/10/01 19:16:41.794, 100 %, 10182 MiB
2026/10/01 19:17:41.800, 82 %, 10182 MiB
2026/10/01 19:18:41.807, 100 %, 10182 MiB
2026/10/01 19:19:41.814, 92 %, 10182 MiB
2026/10/01 19:20:41.822, 93 %, 10182 MiB
2026/10/01 19:21:41.828, 100 %, 10182 MiB
2026/10/01 19:22:41.834, 92 %, 10182 MiB
2026/10/01 19:23:41.841, 91 %, 10182 MiB
2026/10/01 19:24:41.847, 92 %, 10182 MiB
2026/10/01 19:25:41.855, 93 %, 10182 MiB
2026/10/01 19:26:41.862, 92 %, 10182 MiB
2026/10/01 19:27:41.868, 98 %, 10182 MiB
2026/10/01 19:28:41.875, 92 %, 10182 MiB
2026/10/01 19:29:41.882, 93 %, 10182 MiB
2026/10/01 19:30:41.889, 93 %, 10182 MiB
2026/10/01 19:31:41.896, 92 %, 10182 MiB
2026/10/01 19:32:41.902, 94 %, 10182 MiB
2026/10/01 19:33:41.909, 93 %, 10182 MiB
2026/10/01 19:34:41.916, 92 %, 10182 MiB
2026/10/01 19:35:41.923, 93 %, 10182 MiB
2026/10/01 19:36:41.930, 92 %, 10182 MiB
2026/10/01 19:37:41.936, 97 %, 10182 MiB
2026/10/01 19:38:41.943, 94 %, 10182 MiB
2026/10/01 19:39:41.950, 93 %, 10182 MiB
2026/10/01 19:40:41.957, 93 %, 10182 MiB
2026/10/01 19:41:41.963, 92 %, 10182 MiB
2026/10/01 19:42:41.970, 93 %, 10182 MiB
2026/10/01 19:43:41.977, 99 %, 10182 MiB
2026/10/01 19:44:41.984, 92 %, 10182 MiB
2026/10/01 19:45:41.990, 92 %, 10182 MiB
2026/10/01 19:46:41.997, 100 %, 10182 MiB
2026/10/01 19:47:42.004, 92 %, 10182 MiB
2026/10/01 19:48:42.010, 93 %, 10182 MiB
2026/10/01 19:49:42.017, 92 %, 10182 MiB
2026/10/01 19:50:42.023, 92 %, 10182 MiB
2026/10/01 19:51:42.030, 91 %, 10182 MiB
2026/10/01 19:52:42.037, 100 %, 10182 MiB
2026/10/01 19:53:42.044, 94 %, 10182 MiB
2026/10/01 19:54:42.050, 97 %, 10182 MiB
2026/10/01 19:55:42.056, 97 %, 10182 MiB
2026/10/01 19:56:42.062, 93 %, 10182 MiB
2026/10/01 19:57:42.069, 96 %, 10182 MiB
2026/10/01 19:58:42.076, 92 %, 10182 MiB
2026/10/01 19:59:42.082, 100 %, 10182 MiB
2026/10/01 20:00:42.089, 100 %, 10182 MiB
2026/10/01 20:01:42.096, 100 %, 10182 MiB
2026/10/01 20:02:42.102, 92 %, 10182 MiB
2026/10/01 20:03:42.109, 97 %, 10182 MiB
2026/10/01 20:04:42.115, 92 %, 10182 MiB
2026/10/01 20:05:42.122, 100 %, 10182 MiB
2026/10/01 20:06:42.128, 92 %, 10182 MiB
2026/10/01 20:07:42.135, 97 %, 10182 MiB
2026/10/01 20:08:42.142, 92 %, 10182 MiB
2026/10/01 20:09:42.149, 92 %, 10182 MiB
2026/10/01 20:10:42.156, 100 %, 10182 MiB
2026/10/01 20:11:42.162, 100 %, 10182 MiB
2026/10/01 20:12:42.168, 91 %, 10182 MiB
2026/10/01 20:13:42.175, 91 %, 10182 MiB
2026/10/01 20:14:42.182, 92 %, 10182 MiB
2026/10/01 20:15:42.189, 92 %, 10182 MiB
2026/10/01 20:16:42.196, 92 %, 10182 MiB
2026/10/01 20:17:42.203, 97 %, 10182 MiB
2026/10/01 20:18:42.210, 93 %, 10182 MiB
2026/10/01 20:19:42.217, 97 %, 10182 MiB
2026/10/01 20:20:42.224, 93 %, 10182 MiB
2026/10/01 20:21:42.231, 95 %, 10182 MiB
2026/10/01 20:22:42.237, 100 %, 10182 MiB
2026/10/01 20:23:42.244, 100 %, 10182 MiB
2026/10/01 20:24:42.251, 100 %, 10182 MiB
2026/10/01 20:25:42.258, 92 %, 10182 MiB
2026/10/01 20:26:42.264, 89 %, 10182 MiB
2026/10/01 20:27:42.271, 100 %, 10182 MiB
2026/10/01 20:28:42.278, 100 %, 10182 MiB
2026/10/01 20:29:42.285, 100 %, 10182 MiB
2026/10/01 20:30:42.291, 91 %, 10182 MiB
2026/10/01 20:31:42.298, 93 %, 10182 MiB
2026/10/01 20:32:42.305, 92 %, 10182 MiB
2026/10/01 20:33:42.312, 100 %, 10182 MiB
2026/10/01 20:34:42.318, 100 %, 10182 MiB
2026/10/01 20:35:42.325, 91 %, 10182 MiB
2026/10/01 20:36:42.332, 98 %, 10182 MiB
2026/10/01 20:37:42.339, 97 %, 10182 MiB
2026/10/01 20:38:42.345, 100 %, 10182 MiB
2026/10/01 20:39:42.352, 92 %, 10182 MiB
2026/10/01 20:40:42.358, 97 %, 10182 MiB
2026/10/01 20:41:42.365, 91 %, 10182 MiB
2026/10/01 20:42:42.372, 93 %, 10182 MiB
2026/10/01 20:43:42.379, 100 %, 10182 MiB
2026/10/01 20:44:42.386, 92 %, 10182 MiB
2026/10/01 20:45:42.392, 97 %, 10182 MiB
2026/10/01 20:46:42.399, 100 %, 10182 MiB
2026/10/01 20:47:42.406, 100 %, 10182 MiB
2026/10/01 20:48:42.413, 100 %, 10182 MiB
2026/10/01 20:49:42.419, 100 %, 10182 MiB
2026/10/01 20:50:42.426, 100 %, 10182 MiB
2026/10/01 20:51:42.433, 93 %, 10182 MiB
2026/10/01 20:52:42.440, 92 %, 10182 MiB
2026/10/01 20:53:42.447, 97 %, 10182 MiB
2026/10/01 20:54:42.453, 97 %, 10182 MiB
2026/10/01 20:55:42.460, 92 %, 10182 MiB
2026/10/01 20:56:42.466, 100 %, 10182 MiB
2026/10/01 20:57:42.473, 92 %, 10182 MiB
2026/10/01 20:58:42.479, 100 %, 10182 MiB
2026/10/01 20:59:42.486, 100 %, 10182 MiB
2026/10/01 21:00:42.492, 89 %, 10182 MiB
2026/10/01 21:01:42.499, 93 %, 10182 MiB
2026/10/01 21:02:42.506, 93 %, 10182 MiB
2026/10/01 21:03:42.513, 92 %, 10182 MiB
2026/10/01 21:04:42.520, 92 %, 10182 MiB
2026/10/01 21:05:42.526, 93 %, 10182 MiB
2026/10/01 21:06:42.533, 92 %, 10182 MiB
2026/10/01 21:07:42.540, 97 %, 10182 MiB
2026/10/01 21:08:42.546, 98 %, 10182 MiB
2026/10/01 21:09:42.553, 97 %, 10182 MiB
2026/10/01 21:10:42.560, 100 %, 10182 MiB
2026/10/01 21:11:42.567, 100 %, 10182 MiB
2026/10/01 21:12:42.574, 100 %, 10182 MiB
2026/10/01 21:13:42.581, 92 %, 10182 MiB
2026/10/01 21:14:42.587, 100 %, 10182 MiB
2026/10/01 21:15:42.594, 92 %, 10182 MiB
2026/10/01 21:16:42.601, 91 %, 10182 MiB
2026/10/01 21:17:42.608, 93 %, 10182 MiB
2026/10/01 21:18:42.615, 92 %, 10182 MiB
2026/10/01 21:19:42.621, 92 %, 10182 MiB
2026/10/01 21:20:42.628, 92 %, 10182 MiB
2026/10/01 21:21:42.635, 92 %, 10182 MiB
2026/10/01 21:22:42.642, 91 %, 10182 MiB
2026/10/01 21:23:42.648, 92 %, 10182 MiB
2026/10/01 21:24:42.655, 91 %, 10182 MiB
2026/10/01 21:25:42.662, 100 %, 10182 MiB
2026/10/01 21:26:42.668, 91 %, 10182 MiB
2026/10/01 21:27:42.675, 100 %, 10182 MiB
2026/10/01 21:28:42.682, 95 %, 10182 MiB
2026/10/01 21:29:42.688, 100 %, 10182 MiB
2026/10/01 21:30:42.695, 92 %, 10182 MiB
2026/10/01 21:31:42.702, 100 %, 10182 MiB
2026/10/01 21:32:42.708, 100 %, 10182 MiB
2026/10/01 21:33:42.715, 100 %, 10182 MiB
2026/10/01 21:34:42.722, 100 %, 10182 MiB
2026/10/01 21:35:42.729, 100 %, 10182 MiB
2026/10/01 21:36:42.736, 93 %, 10182 MiB
2026/10/01 21:37:42.742, 91 %, 10182 MiB
2026/10/01 21:38:42.749, 93 %, 10182 MiB
2026/10/01 21:39:42.756, 100 %, 10182 MiB
2026/10/01 21:40:42.762, 92 %, 10182 MiB
2026/10/01 21:41:42.769, 100 %, 10182 MiB
2026/10/01 21:42:42.776, 100 %, 10182 MiB
2026/10/01 21:43:42.782, 93 %, 10182 MiB
2026/10/01 21:44:42.789, 91 %, 10182 MiB
2026/10/01 21:45:42.795, 97 %, 10182 MiB
2026/10/01 21:46:42.802, 93 %, 10182 MiB
2026/10/01 21:47:42.809, 100 %, 10182 MiB
2026/10/01 21:48:42.815, 92 %, 10182 MiB
2026/10/01 21:49:42.822, 92 %, 10182 MiB
2026/10/01 21:50:42.829, 97 %, 10182 MiB
2026/10/01 21:51:42.836, 91 %, 10182 MiB
2026/10/01 21:52:42.842, 93 %, 10182 MiB
2026/10/01 21:53:42.849, 100 %, 10182 MiB
2026/10/01 21:54:42.856, 97 %, 10182 MiB
2026/10/01 21:55:42.863, 92 %, 10182 MiB
2026/10/01 21:56:42.870, 100 %, 10182 MiB
2026/10/01 21:57:42.876, 100 %, 10182 MiB
2026/10/01 21:58:42.883, 100 %, 10182 MiB
2026/10/01 21:59:42.890, 97 %, 10182 MiB
2026/10/01 22:00:42.897, 92 %, 10182 MiB
2026/10/01 22:01:42.904, 100 %, 10182 MiB
2026/10/01 22:02:42.910, 97 %, 10182 MiB
2026/10/01 22:03:42.917, 91 %, 10182 MiB
2026/10/01 22:04:42.924, 100 %, 10182 MiB
2026/10/01 22:05:42.930, 93 %, 10182 MiB
2026/10/01 22:06:42.936, 94 %, 10182 MiB
2026/10/01 22:07:42.943, 100 %, 10182 MiB
2026/10/01 22:08:42.951, 92 %, 10182 MiB
2026/10/01 22:09:42.957, 91 %, 10182 MiB
2026/10/01 22:10:42.964, 100 %, 10182 MiB
2026/10/01 22:11:42.971, 92 %, 10182 MiB
2026/10/01 22:12:42.978, 97 %, 10182 MiB
2026/10/01 22:13:42.984, 90 %, 10182 MiB
2026/10/01 22:14:42.991, 97 %, 10182 MiB
2026/10/01 22:15:42.998, 100 %, 10182 MiB
2026/10/01 22:16:43.004, 92 %, 10182 MiB
2026/10/01 22:17:43.011, 91 %, 10182 MiB
2026/10/01 22:18:43.018, 97 %, 10182 MiB
2026/10/01 22:19:43.025, 100 %, 10182 MiB
2026/10/01 22:20:43.031, 97 %, 10182 MiB
2026/10/01 22:21:43.038, 92 %, 10182 MiB
2026/10/01 22:22:43.045, 100 %, 10182 MiB
2026/10/01 22:23:43.052, 100 %, 10182 MiB
2026/10/01 22:24:43.058, 97 %, 10182 MiB
2026/10/01 22:25:43.065, 97 %, 10182 MiB
2026/10/01 22:26:43.072, 91 %, 10182 MiB
2026/10/01 22:27:43.079, 92 %, 10182 MiB
2026/10/01 22:28:43.086, 91 %, 10182 MiB
2026/10/01 22:29:43.093, 91 %, 10182 MiB
2026/10/01 22:30:43.100, 93 %, 10182 MiB
2026/10/01 22:31:43.107, 100 %, 10182 MiB
2026/10/01 22:32:43.114, 92 %, 10182 MiB
2026/10/01 22:33:43.120, 97 %, 10182 MiB
2026/10/01 22:34:43.127, 92 %, 10182 MiB
2026/10/01 22:35:43.134, 92 %, 10182 MiB
2026/10/01 22:36:43.141, 92 %, 10182 MiB
2026/10/01 22:37:43.148, 100 %, 10182 MiB
2026/10/01 22:38:43.154, 91 %, 10182 MiB
2026/10/01 22:39:43.161, 98 %, 10182 MiB
2026/10/01 22:40:43.168, 92 %, 10182 MiB
2026/10/01 22:41:43.175, 92 %, 10182 MiB
2026/10/01 22:42:43.182, 98 %, 10182 MiB
2026/10/01 22:43:43.190, 92 %, 10182 MiB
2026/10/01 22:44:43.197, 91 %, 10182 MiB
2026/10/01 22:45:43.204, 93 %, 10182 MiB
2026/10/01 22:46:43.210, 97 %, 10182 MiB
2026/10/01 22:47:43.217, 92 %, 10182 MiB
2026/10/01 22:48:43.224, 98 %, 10182 MiB
2026/10/01 22:49:43.231, 92 %, 10182 MiB
2026/10/01 22:50:43.237, 93 %, 10182 MiB
2026/10/01 22:51:43.244, 97 %, 10182 MiB
2026/10/01 22:52:43.250, 100 %, 10182 MiB
2026/10/01 22:53:43.256, 92 %, 10182 MiB
2026/10/01 22:54:43.264, 92 %, 10182 MiB
2026/10/01 22:55:43.271, 92 %, 10182 MiB
2026/10/01 22:56:43.278, 100 %, 10182 MiB
2026/10/01 22:57:43.285, 100 %, 10182 MiB
2026/10/01 22:58:43.292, 0 %, 10182 MiB
2026/10/01 22:59:43.298, 97 %, 10182 MiB
2026/10/01 23:00:43.305, 91 %, 10182 MiB
2026/10/01 23:01:43.312, 100 %, 10182 MiB
2026/10/01 23:02:43.319, 98 %, 10182 MiB
2026/10/01 23:03:43.326, 92 %, 10182 MiB
2026/10/01 23:04:43.332, 91 %, 10182 MiB
2026/10/01 23:05:43.339, 92 %, 10182 MiB
2026/10/01 23:06:43.345, 97 %, 10182 MiB
2026/10/01 23:07:43.353, 99 %, 10182 MiB
2026/10/01 23:08:43.360, 100 %, 10182 MiB
2026/10/01 23:09:43.367, 91 %, 10182 MiB
2026/10/01 23:10:43.374, 93 %, 10182 MiB
2026/10/01 23:11:43.380, 97 %, 10182 MiB
2026/10/01 23:12:43.387, 92 %, 10182 MiB
2026/10/01 23:13:43.394, 98 %, 10182 MiB
2026/10/01 23:14:43.401, 97 %, 10182 MiB
2026/10/01 23:15:43.408, 100 %, 10182 MiB
2026/10/01 23:16:43.415, 92 %, 10182 MiB
2026/10/01 23:17:43.422, 90 %, 10182 MiB
2026/10/01 23:18:43.429, 92 %, 10182 MiB
2026/10/01 23:19:43.436, 91 %, 10182 MiB
2026/10/01 23:20:43.443, 92 %, 10182 MiB
2026/10/01 23:21:43.450, 92 %, 10182 MiB
2026/10/01 23:22:43.457, 100 %, 10182 MiB
2026/10/01 23:23:43.464, 92 %, 10182 MiB
2026/10/01 23:24:43.470, 100 %, 10182 MiB
2026/10/01 23:25:43.477, 92 %, 10182 MiB
2026/10/01 23:26:43.484, 97 %, 10182 MiB
2026/10/01 23:27:43.491, 100 %, 10182 MiB
2026/10/01 23:28:43.498, 97 %, 10182 MiB
2026/10/01 23:29:43.504, 100 %, 10182 MiB
2026/10/01 23:30:43.511, 92 %, 10182 MiB
2026/10/01 23:31:43.518, 91 %, 10182 MiB
2026/10/01 23:32:43.525, 98 %, 10182 MiB
2026/10/01 23:33:43.532, 91 %, 10182 MiB
2026/10/01 23:34:43.539, 100 %, 10182 MiB
2026/10/01 23:35:43.546, 92 %, 10182 MiB
2026/10/01 23:36:43.553, 97 %, 10182 MiB
2026/10/01 23:37:43.559, 92 %, 10182 MiB
2026/10/01 23:38:43.566, 100 %, 10182 MiB
2026/10/01 23:39:43.573, 91 %, 10182 MiB
2026/10/01 23:40:43.579, 97 %, 10182 MiB
2026/10/01 23:41:43.585, 97 %, 10182 MiB
2026/10/01 23:42:43.592, 100 %, 10182 MiB
2026/10/01 23:43:43.598, 92 %, 10182 MiB
2026/10/01 23:44:43.604, 91 %, 10182 MiB
2026/10/01 23:45:43.611, 92 %, 10182 MiB
2026/10/01 23:46:43.618, 92 %, 10182 MiB
2026/10/01 23:47:43.625, 0 %, 10182 MiB
2026/10/01 23:48:43.631, 93 %, 10182 MiB
2026/10/01 23:49:43.638, 92 %, 10182 MiB
2026/10/01 23:50:43.646, 100 %, 10182 MiB
2026/10/01 23:51:43.653, 92 %, 10182 MiB
2026/10/01 23:52:43.660, 83 %, 10182 MiB
2026/10/01 23:53:43.666, 93 %, 10182 MiB
2026/10/01 23:54:43.673, 91 %, 10182 MiB
2026/10/01 23:55:43.680, 92 %, 10182 MiB
2026/10/01 23:56:43.687, 93 %, 10182 MiB
2026/10/01 23:57:43.694, 100 %, 10182 MiB
2026/10/01 23:58:43.701, 91 %, 10182 MiB
2026/10/01 23:59:43.708, 92 %, 10182 MiB
2026/10/02 00:00:43.715, 93 %, 10182 MiB
2026/10/02 00:01:43.722, 100 %, 10182 MiB
2026/10/02 00:02:43.729, 94 %, 10182 MiB
2026/10/02 00:03:43.736, 91 %, 10182 MiB
2026/10/02 00:04:43.743, 97 %, 10182 MiB
2026/10/02 00:05:43.750, 94 %, 10182 MiB
2026/10/02 00:06:43.757, 92 %, 10182 MiB
2026/10/02 00:07:43.764, 92 %, 10182 MiB
2026/10/02 00:08:43.770, 92 %, 10182 MiB
2026/10/02 00:09:43.777, 97 %, 10182 MiB
2026/10/02 00:10:43.784, 91 %, 10182 MiB
2026/10/02 00:11:43.791, 97 %, 10182 MiB
2026/10/02 00:12:43.798, 93 %, 10182 MiB
2026/10/02 00:13:43.805, 98 %, 10182 MiB
2026/10/02 00:14:43.812, 100 %, 10182 MiB
2026/10/02 00:15:43.819, 100 %, 10182 MiB
2026/10/02 00:16:43.826, 92 %, 10182 MiB
2026/10/02 00:17:43.833, 100 %, 10182 MiB
2026/10/02 00:18:43.839, 92 %, 10182 MiB
2026/10/02 00:19:43.846, 100 %, 10182 MiB
2026/10/02 00:20:43.853, 92 %, 10182 MiB
2026/10/02 00:21:43.860, 94 %, 10182 MiB
2026/10/02 00:22:43.866, 92 %, 10182 MiB
2026/10/02 00:23:43.873, 92 %, 10182 MiB
2026/10/02 00:24:43.880, 100 %, 10182 MiB
2026/10/02 00:25:43.887, 90 %, 10182 MiB
2026/10/02 00:26:43.893, 97 %, 10182 MiB
2026/10/02 00:27:43.899, 92 %, 10182 MiB
2026/10/02 00:28:43.906, 97 %, 10182 MiB
2026/10/02 00:29:43.913, 100 %, 10182 MiB
2026/10/02 00:30:43.920, 96 %, 10182 MiB
2026/10/02 00:31:43.927, 89 %, 10182 MiB
2026/10/02 00:32:43.933, 100 %, 10182 MiB
2026/10/02 00:33:43.941, 93 %, 10182 MiB
2026/10/02 00:34:43.948, 97 %, 10182 MiB
2026/10/02 00:35:43.955, 92 %, 10182 MiB
2026/10/02 00:36:43.961, 7 %, 10182 MiB
2026/10/02 00:37:43.968, 92 %, 10182 MiB
2026/10/02 00:38:43.975, 92 %, 10182 MiB
2026/10/02 00:39:43.982, 97 %, 10182 MiB
2026/10/02 00:40:43.988, 98 %, 10182 MiB
2026/10/02 00:41:43.995, 100 %, 10182 MiB
2026/10/02 00:42:44.002, 92 %, 10182 MiB
2026/10/02 00:43:44.009, 92 %, 10182 MiB
2026/10/02 00:44:44.015, 93 %, 10182 MiB
2026/10/02 00:45:44.022, 92 %, 10182 MiB
2026/10/02 00:46:44.029, 92 %, 10182 MiB
2026/10/02 00:47:44.035, 97 %, 10182 MiB
2026/10/02 00:48:44.042, 91 %, 10182 MiB
2026/10/02 00:49:44.049, 100 %, 10182 MiB
2026/10/02 00:50:44.055, 93 %, 10182 MiB
2026/10/02 00:51:44.062, 91 %, 10182 MiB
2026/10/02 00:52:44.069, 98 %, 10182 MiB
2026/10/02 00:53:44.076, 98 %, 10182 MiB
2026/10/02 00:54:44.082, 100 %, 10182 MiB
2026/10/02 00:55:44.089, 91 %, 10182 MiB
2026/10/02 00:56:44.095, 95 %, 10182 MiB
2026/10/02 00:57:44.102, 92 %, 10182 MiB
2026/10/02 00:58:44.110, 92 %, 10182 MiB
2026/10/02 00:59:44.117, 97 %, 10182 MiB
2026/10/02 01:00:44.123, 92 %, 10182 MiB
2026/10/02 01:01:44.130, 92 %, 10182 MiB
2026/10/02 01:02:44.137, 92 %, 10182 MiB
2026/10/02 01:03:44.143, 98 %, 10182 MiB
2026/10/02 01:04:44.150, 92 %, 10182 MiB
2026/10/02 01:05:44.157, 97 %, 10182 MiB
2026/10/02 01:06:44.164, 92 %, 10182 MiB
2026/10/02 01:07:44.171, 91 %, 10182 MiB
2026/10/02 01:08:44.177, 94 %, 10182 MiB
2026/10/02 01:09:44.184, 100 %, 10182 MiB
2026/10/02 01:10:44.191, 91 %, 10182 MiB
2026/10/02 01:11:44.198, 100 %, 10182 MiB
2026/10/02 01:12:44.205, 100 %, 10182 MiB
2026/10/02 01:13:44.211, 100 %, 10182 MiB
2026/10/02 01:14:44.218, 92 %, 10182 MiB
2026/10/02 01:15:44.225, 92 %, 10182 MiB
2026/10/02 01:16:44.232, 100 %, 10182 MiB
2026/10/02 01:17:44.238, 93 %, 10182 MiB
2026/10/02 01:18:44.246, 92 %, 10182 MiB
2026/10/02 01:19:44.252, 97 %, 10182 MiB
2026/10/02 01:20:44.259, 100 %, 10182 MiB
2026/10/02 01:21:44.266, 96 %, 10182 MiB
2026/10/02 01:22:44.273, 100 %, 10182 MiB
2026/10/02 01:23:44.279, 100 %, 10182 MiB
2026/10/02 01:24:44.286, 100 %, 10182 MiB
2026/10/02 01:25:44.293, 90 %, 10182 MiB
2026/10/02 01:26:44.300, 92 %, 10182 MiB
2026/10/02 01:27:44.307, 97 %, 10182 MiB
2026/10/02 01:28:44.314, 100 %, 10182 MiB
2026/10/02 01:29:44.321, 95 %, 10182 MiB
2026/10/02 01:30:44.327, 92 %, 10182 MiB
2026/10/02 01:31:44.334, 92 %, 10182 MiB
2026/10/02 01:32:44.341, 97 %, 10182 MiB
2026/10/02 01:33:44.348, 92 %, 10182 MiB
2026/10/02 01:34:44.354, 100 %, 10182 MiB
2026/10/02 01:35:44.361, 91 %, 10182 MiB
2026/10/02 01:36:44.368, 91 %, 10182 MiB
2026/10/02 01:37:44.375, 92 %, 10182 MiB
2026/10/02 01:38:44.382, 100 %, 10182 MiB
2026/10/02 01:39:44.389, 100 %, 10182 MiB
2026/10/02 01:40:44.395, 100 %, 10182 MiB
2026/10/02 01:41:44.402, 93 %, 10182 MiB
2026/10/02 01:42:44.408, 92 %, 10182 MiB
2026/10/02 01:43:44.415, 92 %, 10182 MiB
2026/10/02 01:44:44.423, 98 %, 10182 MiB
2026/10/02 01:45:44.430, 100 %, 10182 MiB
2026/10/02 01:46:44.436, 100 %, 10182 MiB
2026/10/02 01:47:44.443, 93 %, 10182 MiB
2026/10/02 01:48:44.451, 100 %, 10182 MiB
2026/10/02 01:49:44.457, 97 %, 10182 MiB
2026/10/02 01:50:44.465, 97 %, 10182 MiB
2026/10/02 01:51:44.471, 100 %, 10182 MiB
2026/10/02 01:52:44.478, 92 %, 10182 MiB
2026/10/02 01:53:44.485, 91 %, 10182 MiB
2026/10/02 01:54:44.491, 92 %, 10182 MiB
2026/10/02 01:55:44.498, 92 %, 10182 MiB
2026/10/02 01:56:44.505, 99 %, 10182 MiB
2026/10/02 01:57:44.512, 99 %, 10182 MiB
2026/10/02 01:58:44.518, 92 %, 10182 MiB
2026/10/02 01:59:44.525, 93 %, 10182 MiB
2026/10/02 02:00:44.531, 95 %, 10182 MiB
2026/10/02 02:01:44.538, 100 %, 10182 MiB
2026/10/02 02:02:44.545, 100 %, 10182 MiB
2026/10/02 02:03:44.552, 89 %, 10182 MiB
2026/10/02 02:04:44.558, 92 %, 10182 MiB
2026/10/02 02:05:44.565, 100 %, 10182 MiB
2026/10/02 02:06:44.572, 97 %, 10182 MiB
2026/10/02 02:07:44.579, 100 %, 10182 MiB
2026/10/02 02:08:44.586, 91 %, 10182 MiB
2026/10/02 02:09:44.592, 93 %, 10182 MiB
2026/10/02 02:10:44.599, 97 %, 10182 MiB
2026/10/02 02:11:44.605, 100 %, 10182 MiB
2026/10/02 02:12:44.612, 100 %, 10182 MiB
2026/10/02 02:13:44.618, 98 %, 10182 MiB
2026/10/02 02:14:44.625, 100 %, 10182 MiB
2026/10/02 02:15:44.632, 100 %, 10182 MiB
2026/10/02 02:16:44.639, 97 %, 10182 MiB
2026/10/02 02:17:44.646, 97 %, 10182 MiB
2026/10/02 02:18:44.652, 100 %, 10182 MiB
2026/10/02 02:19:44.659, 92 %, 10182 MiB
2026/10/02 02:20:44.666, 95 %, 10182 MiB
2026/10/02 02:21:44.673, 98 %, 10182 MiB
2026/10/02 02:22:44.680, 92 %, 10182 MiB
2026/10/02 02:23:44.686, 100 %, 10182 MiB
2026/10/02 02:24:44.693, 93 %, 10182 MiB
2026/10/02 02:25:44.700, 92 %, 10182 MiB
2026/10/02 02:26:44.706, 89 %, 10182 MiB
2026/10/02 02:27:44.713, 100 %, 10182 MiB
2026/10/02 02:28:44.720, 97 %, 10182 MiB
2026/10/02 02:29:44.727, 100 %, 10182 MiB
2026/10/02 02:30:44.734, 91 %, 10182 MiB
2026/10/02 02:31:44.742, 92 %, 10182 MiB
2026/10/02 02:32:44.748, 100 %, 10182 MiB
2026/10/02 02:33:44.755, 91 %, 10182 MiB
2026/10/02 02:34:44.762, 100 %, 10182 MiB
2026/10/02 02:35:44.769, 91 %, 10182 MiB
2026/10/02 02:36:44.776, 97 %, 10182 MiB
2026/10/02 02:37:44.782, 100 %, 10182 MiB
2026/10/02 02:38:44.788, 92 %, 10182 MiB
2026/10/02 02:39:44.795, 92 %, 10182 MiB
2026/10/02 02:40:44.802, 97 %, 10182 MiB
2026/10/02 02:41:44.809, 100 %, 10182 MiB
2026/10/02 02:42:44.816, 95 %, 10182 MiB
2026/10/02 02:43:44.823, 93 %, 10182 MiB
2026/10/02 02:44:44.830, 100 %, 10182 MiB
2026/10/02 02:45:44.836, 98 %, 10182 MiB
2026/10/02 02:46:44.843, 92 %, 10182 MiB
2026/10/02 02:47:44.850, 92 %, 10182 MiB
2026/10/02 02:48:44.857, 97 %, 10182 MiB
2026/10/02 02:49:44.863, 91 %, 10182 MiB
2026/10/02 02:50:44.870, 92 %, 10182 MiB
2026/10/02 02:51:44.876, 91 %, 10182 MiB
2026/10/02 02:52:44.883, 91 %, 10182 MiB
2026/10/02 02:53:44.890, 98 %, 10182 MiB
2026/10/02 02:54:44.897, 93 %, 10182 MiB
2026/10/02 02:55:44.903, 100 %, 10182 MiB
2026/10/02 02:56:44.910, 98 %, 10182 MiB
2026/10/02 02:57:44.917, 92 %, 10182 MiB
2026/10/02 02:58:44.924, 95 %, 10182 MiB
2026/10/02 02:59:44.931, 91 %, 10182 MiB
2026/10/02 03:00:44.938, 97 %, 10182 MiB
2026/10/02 03:01:44.945, 93 %, 10182 MiB
2026/10/02 03:02:44.951, 100 %, 10182 MiB
2026/10/02 03:03:44.958, 100 %, 10182 MiB
2026/10/02 03:04:44.965, 100 %, 10182 MiB
2026/10/02 03:05:44.972, 97 %, 10182 MiB
2026/10/02 03:06:44.978, 97 %, 10182 MiB
2026/10/02 03:07:44.985, 91 %, 10182 MiB
2026/10/02 03:08:44.991, 98 %, 10182 MiB
2026/10/02 03:09:44.998, 92 %, 10182 MiB
2026/10/02 03:10:45.005, 91 %, 10182 MiB
2026/10/02 03:11:45.012, 98 %, 10182 MiB
2026/10/02 03:12:45.019, 90 %, 10182 MiB
2026/10/02 03:13:45.025, 97 %, 10182 MiB
2026/10/02 03:14:45.032, 92 %, 10182 MiB
2026/10/02 03:15:45.039, 100 %, 10182 MiB
2026/10/02 03:16:45.045, 92 %, 10182 MiB
2026/10/02 03:17:45.052, 93 %, 10182 MiB
2026/10/02 03:18:45.059, 100 %, 10182 MiB
2026/10/02 03:19:45.066, 97 %, 10182 MiB
2026/10/02 03:20:45.073, 92 %, 10182 MiB
2026/10/02 03:21:45.079, 91 %, 10182 MiB
2026/10/02 03:22:45.086, 100 %, 10182 MiB
2026/10/02 03:23:45.093, 93 %, 10182 MiB
2026/10/02 03:24:45.100, 100 %, 10182 MiB
2026/10/02 03:25:45.107, 100 %, 10182 MiB
2026/10/02 03:26:45.113, 93 %, 10182 MiB
2026/10/02 03:27:45.120, 91 %, 10182 MiB
2026/10/02 03:28:45.127, 0 %, 10182 MiB
2026/10/02 03:29:45.134, 95 %, 10182 MiB
2026/10/02 03:30:45.141, 98 %, 10182 MiB
2026/10/02 03:31:45.148, 100 %, 10182 MiB
2026/10/02 03:32:45.155, 92 %, 10182 MiB
2026/10/02 03:33:45.162, 92 %, 10182 MiB
2026/10/02 03:34:45.168, 97 %, 10182 MiB
2026/10/02 03:35:45.176, 92 %, 10182 MiB
2026/10/02 03:36:45.182, 91 %, 10182 MiB
2026/10/02 03:37:45.189, 100 %, 10182 MiB
2026/10/02 03:38:45.196, 97 %, 10182 MiB
2026/10/02 03:39:45.203, 93 %, 10182 MiB
2026/10/02 03:40:45.210, 91 %, 10182 MiB
2026/10/02 03:41:45.216, 91 %, 10182 MiB
2026/10/02 03:42:45.223, 92 %, 10182 MiB
2026/10/02 03:43:45.230, 91 %, 10182 MiB
2026/10/02 03:44:45.236, 100 %, 10182 MiB
2026/10/02 03:45:45.243, 93 %, 10182 MiB
2026/10/02 03:46:45.250, 99 %, 10182 MiB
2026/10/02 03:47:45.256, 93 %, 10182 MiB
2026/10/02 03:48:45.263, 100 %, 10182 MiB
2026/10/02 03:49:45.270, 100 %, 10182 MiB
2026/10/02 03:50:45.276, 100 %, 10182 MiB
2026/10/02 03:51:45.283, 93 %, 10182 MiB
2026/10/02 03:52:45.290, 92 %, 10182 MiB
2026/10/02 03:53:45.296, 100 %, 10182 MiB
2026/10/02 03:54:45.303, 92 %, 10182 MiB
2026/10/02 03:55:45.310, 89 %, 10182 MiB
2026/10/02 03:56:45.317, 100 %, 10182 MiB
2026/10/02 03:57:45.324, 98 %, 10182 MiB
2026/10/02 03:58:45.331, 100 %, 10182 MiB
2026/10/02 03:59:45.337, 92 %, 10182 MiB
2026/10/02 04:00:45.344, 97 %, 10182 MiB
2026/10/02 04:01:45.351, 98 %, 10182 MiB
2026/10/02 04:02:45.358, 92 %, 10182 MiB
2026/10/02 04:03:45.365, 100 %, 10182 MiB
2026/10/02 04:04:45.372, 100 %, 10182 MiB
2026/10/02 04:05:45.379, 100 %, 10182 MiB
2026/10/02 04:06:45.386, 98 %, 10182 MiB
2026/10/02 04:07:45.392, 97 %, 10182 MiB
2026/10/02 04:08:45.399, 92 %, 10182 MiB
2026/10/02 04:09:45.406, 93 %, 10182 MiB
2026/10/02 04:10:45.413, 93 %, 10182 MiB
2026/10/02 04:11:45.420, 92 %, 10182 MiB
2026/10/02 04:12:45.427, 90 %, 10182 MiB
2026/10/02 04:13:45.434, 97 %, 10182 MiB
2026/10/02 04:14:45.441, 93 %, 10182 MiB
2026/10/02 04:15:45.448, 100 %, 10182 MiB
2026/10/02 04:16:45.455, 92 %, 10182 MiB
2026/10/02 04:17:45.462, 0 %, 10182 MiB
2026/10/02 04:18:45.469, 91 %, 10182 MiB
2026/10/02 04:19:45.475, 100 %, 10182 MiB
2026/10/02 04:20:45.483, 91 %, 10182 MiB
2026/10/02 04:21:45.489, 97 %, 10182 MiB
2026/10/02 04:22:45.496, 91 %, 10182 MiB
2026/10/02 04:23:45.503, 97 %, 10182 MiB
2026/10/02 04:24:45.510, 92 %, 10182 MiB
2026/10/02 04:25:45.517, 92 %, 10182 MiB
2026/10/02 04:26:45.524, 100 %, 10182 MiB
2026/10/02 04:27:45.530, 92 %, 10182 MiB
2026/10/02 04:28:45.537, 92 %, 10182 MiB
2026/10/02 04:29:45.544, 91 %, 10182 MiB
2026/10/02 04:30:45.551, 92 %, 10182 MiB
2026/10/02 04:31:45.558, 92 %, 10182 MiB
2026/10/02 04:32:45.565, 100 %, 10182 MiB
2026/10/02 04:33:45.572, 100 %, 10182 MiB
2026/10/02 04:34:45.579, 92 %, 10182 MiB
2026/10/02 04:35:45.586, 97 %, 10182 MiB
2026/10/02 04:36:45.593, 91 %, 10182 MiB
2026/10/02 04:37:45.600, 91 %, 10182 MiB
2026/10/02 04:38:45.607, 100 %, 10182 MiB
2026/10/02 04:39:45.614, 100 %, 10182 MiB
2026/10/02 04:40:45.620, 91 %, 10182 MiB
2026/10/02 04:41:45.627, 85 %, 10182 MiB
2026/10/02 04:42:45.634, 92 %, 10182 MiB
2026/10/02 04:43:45.641, 97 %, 10182 MiB
2026/10/02 04:44:45.647, 92 %, 10182 MiB
2026/10/02 04:45:45.654, 100 %, 10182 MiB
2026/10/02 04:46:45.661, 91 %, 10182 MiB
2026/10/02 04:47:45.667, 97 %, 10182 MiB
2026/10/02 04:48:45.674, 100 %, 10182 MiB
2026/10/02 04:49:45.681, 100 %, 10182 MiB
2026/10/02 04:50:45.688, 100 %, 10182 MiB
2026/10/02 04:51:45.695, 92 %, 10182 MiB
2026/10/02 04:52:45.702, 97 %, 10182 MiB
2026/10/02 04:53:45.710, 100 %, 10182 MiB
2026/10/02 04:54:45.716, 92 %, 10182 MiB
2026/10/02 04:55:45.723, 97 %, 10182 MiB
2026/10/02 04:56:45.730, 100 %, 10182 MiB
2026/10/02 04:57:45.737, 94 %, 10182 MiB
2026/10/02 04:58:45.745, 100 %, 10182 MiB
2026/10/02 04:59:45.752, 100 %, 10182 MiB
2026/10/02 05:00:45.758, 91 %, 10182 MiB
2026/10/02 05:01:45.765, 91 %, 10182 MiB
2026/10/02 05:02:45.772, 90 %, 10182 MiB
2026/10/02 05:03:45.778, 92 %, 10182 MiB
2026/10/02 05:04:45.785, 100 %, 10182 MiB
2026/10/02 05:05:45.792, 100 %, 10182 MiB
2026/10/02 05:06:45.799, 0 %, 10182 MiB
2026/10/02 05:07:45.806, 89 %, 10182 MiB
2026/10/02 05:08:45.813, 92 %, 10182 MiB
2026/10/02 05:09:45.820, 92 %, 10182 MiB
2026/10/02 05:10:45.827, 91 %, 10182 MiB
2026/10/02 05:11:45.834, 98 %, 10182 MiB
2026/10/02 05:12:45.841, 91 %, 10182 MiB
2026/10/02 05:13:45.848, 92 %, 10182 MiB
2026/10/02 05:14:45.855, 92 %, 10182 MiB
2026/10/02 05:15:45.861, 89 %, 10182 MiB
2026/10/02 05:16:45.868, 100 %, 10182 MiB
2026/10/02 05:17:45.876, 100 %, 10182 MiB
2026/10/02 05:18:45.883, 91 %, 10182 MiB
2026/10/02 05:19:45.890, 100 %, 10182 MiB
2026/10/02 05:20:45.896, 100 %, 10182 MiB
2026/10/02 05:21:45.903, 92 %, 10182 MiB
2026/10/02 05:22:45.909, 97 %, 10182 MiB
2026/10/02 05:23:45.916, 100 %, 10182 MiB
2026/10/02 05:24:45.922, 100 %, 10182 MiB
2026/10/02 05:25:45.929, 100 %, 10182 MiB
2026/10/02 05:26:45.936, 93 %, 10182 MiB
2026/10/02 05:27:45.943, 100 %, 10182 MiB
2026/10/02 05:28:45.949, 100 %, 10182 MiB
2026/10/02 05:29:45.956, 92 %, 10182 MiB
2026/10/02 05:30:45.963, 91 %, 10182 MiB
2026/10/02 05:31:45.970, 100 %, 10182 MiB
2026/10/02 05:32:45.977, 100 %, 10182 MiB
2026/10/02 05:33:45.983, 100 %, 10182 MiB
2026/10/02 05:34:45.990, 92 %, 10182 MiB
2026/10/02 05:35:45.997, 92 %, 10182 MiB
2026/10/02 05:36:46.004, 92 %, 10182 MiB
2026/10/02 05:37:46.011, 91 %, 10182 MiB
2026/10/02 05:38:46.018, 97 %, 10182 MiB
2026/10/02 05:39:46.024, 91 %, 10182 MiB
2026/10/02 05:40:46.032, 100 %, 10182 MiB
2026/10/02 05:41:46.038, 92 %, 10182 MiB
2026/10/02 05:42:46.045, 91 %, 10182 MiB
2026/10/02 05:43:46.052, 92 %, 10182 MiB
2026/10/02 05:44:46.059, 89 %, 10182 MiB
2026/10/02 05:45:46.066, 91 %, 10182 MiB
2026/10/02 05:46:46.073, 95 %, 10182 MiB
2026/10/02 05:47:46.080, 100 %, 10182 MiB
2026/10/02 05:48:46.087, 92 %, 10182 MiB
2026/10/02 05:49:46.093, 100 %, 10182 MiB
2026/10/02 05:50:46.100, 97 %, 10182 MiB
2026/10/02 05:51:46.107, 92 %, 10182 MiB
2026/10/02 05:52:46.113, 92 %, 10182 MiB
2026/10/02 05:53:46.120, 97 %, 10182 MiB
2026/10/02 05:54:46.127, 93 %, 10182 MiB
2026/10/02 05:55:46.134, 7 %, 10182 MiB
2026/10/02 05:56:46.141, 94 %, 10182 MiB
2026/10/02 05:57:46.148, 97 %, 10182 MiB
2026/10/02 05:58:46.154, 100 %, 10182 MiB
2026/10/02 05:59:46.161, 100 %, 10182 MiB
2026/10/02 06:00:46.168, 94 %, 10182 MiB
2026/10/02 06:01:46.175, 100 %, 10182 MiB
2026/10/02 06:02:46.182, 91 %, 10182 MiB
2026/10/02 06:03:46.188, 93 %, 10182 MiB
2026/10/02 06:04:46.195, 97 %, 10182 MiB
2026/10/02 06:05:46.202, 91 %, 10182 MiB
2026/10/02 06:06:46.209, 100 %, 10182 MiB
2026/10/02 06:07:46.216, 93 %, 10182 MiB
2026/10/02 06:08:46.223, 87 %, 10182 MiB
2026/10/02 06:09:46.229, 100 %, 10182 MiB
2026/10/02 06:10:46.236, 100 %, 10182 MiB
2026/10/02 06:11:46.243, 92 %, 10182 MiB
2026/10/02 06:12:46.249, 99 %, 10182 MiB
2026/10/02 06:13:46.256, 100 %, 10182 MiB
2026/10/02 06:14:46.263, 91 %, 10182 MiB
2026/10/02 06:15:46.269, 100 %, 10182 MiB
2026/10/02 06:16:46.276, 92 %, 10182 MiB
2026/10/02 06:17:46.283, 92 %, 10182 MiB
2026/10/02 06:18:46.289, 100 %, 10182 MiB
2026/10/02 06:19:46.296, 92 %, 10182 MiB
2026/10/02 06:20:46.302, 100 %, 10182 MiB
2026/10/02 06:21:46.309, 97 %, 10182 MiB
2026/10/02 06:22:46.316, 92 %, 10182 MiB
2026/10/02 06:23:46.323, 100 %, 10182 MiB
2026/10/02 06:24:46.330, 100 %, 10182 MiB
2026/10/02 06:25:46.337, 96 %, 10182 MiB
2026/10/02 06:26:46.344, 92 %, 10182 MiB
2026/10/02 06:27:46.350, 97 %, 10182 MiB
2026/10/02 06:28:46.357, 91 %, 10182 MiB
2026/10/02 06:29:46.364, 92 %, 10182 MiB
2026/10/02 06:30:46.371, 91 %, 10182 MiB
2026/10/02 06:31:46.377, 100 %, 10182 MiB
2026/10/02 06:32:46.384, 92 %, 10182 MiB
2026/10/02 06:33:46.391, 97 %, 10182 MiB
2026/10/02 06:34:46.397, 92 %, 10182 MiB
2026/10/02 06:35:46.404, 97 %, 10182 MiB
2026/10/02 06:36:46.411, 92 %, 10182 MiB
2026/10/02 06:37:46.418, 95 %, 10182 MiB
2026/10/02 06:38:46.424, 100 %, 10182 MiB
2026/10/02 06:39:46.432, 93 %, 10182 MiB
2026/10/02 06:40:46.438, 97 %, 10182 MiB
2026/10/02 06:41:46.445, 97 %, 10182 MiB
2026/10/02 06:42:46.452, 100 %, 10182 MiB
2026/10/02 06:43:46.459, 92 %, 10182 MiB
2026/10/02 06:44:46.465, 92 %, 10182 MiB
2026/10/02 06:45:46.472, 96 %, 10182 MiB
2026/10/02 06:46:46.480, 92 %, 10182 MiB
2026/10/02 06:47:46.487, 100 %, 10182 MiB
2026/10/02 06:48:46.493, 91 %, 10182 MiB
2026/10/02 06:49:46.500, 97 %, 10182 MiB
2026/10/02 06:50:46.507, 91 %, 10182 MiB
2026/10/02 06:51:46.513, 97 %, 10182 MiB
2026/10/02 06:52:46.520, 97 %, 10182 MiB
2026/10/02 06:53:46.527, 92 %, 10182 MiB
2026/10/02 06:54:46.533, 91 %, 10182 MiB
2026/10/02 06:55:46.540, 92 %, 10182 MiB
2026/10/02 06:56:46.547, 91 %, 10182 MiB
2026/10/02 06:57:46.553, 100 %, 10182 MiB
2026/10/02 06:58:46.560, 91 %, 10182 MiB
2026/10/02 06:59:46.567, 100 %, 10182 MiB
2026/10/02 07:00:46.575, 94 %, 10182 MiB
2026/10/02 07:01:46.581, 100 %, 10182 MiB
2026/10/02 07:02:46.588, 92 %, 10182 MiB
2026/10/02 07:03:46.595, 100 %, 10182 MiB
2026/10/02 07:04:46.603, 97 %, 10182 MiB
2026/10/02 07:05:46.610, 100 %, 10182 MiB
2026/10/02 07:06:46.616, 93 %, 10182 MiB
2026/10/02 07:07:46.623, 91 %, 10182 MiB
2026/10/02 07:08:46.630, 100 %, 10182 MiB
2026/10/02 07:09:46.636, 92 %, 10182 MiB
2026/10/02 07:10:46.643, 92 %, 10182 MiB
2026/10/02 07:11:46.650, 97 %, 10182 MiB
2026/10/02 07:12:46.657, 92 %, 10182 MiB
2026/10/02 07:13:46.664, 93 %, 10182 MiB
2026/10/02 07:14:46.671, 97 %, 10182 MiB
2026/10/02 07:15:46.678, 91 %, 10182 MiB
2026/10/02 07:16:46.685, 89 %, 10182 MiB
2026/10/02 07:17:46.692, 88 %, 10182 MiB
2026/10/02 07:18:46.699, 97 %, 10182 MiB
2026/10/02 07:19:46.706, 100 %, 10182 MiB
2026/10/02 07:20:46.713, 91 %, 10182 MiB
2026/10/02 07:21:46.719, 96 %, 10182 MiB
2026/10/02 07:22:46.726, 100 %, 10182 MiB
2026/10/02 07:23:46.733, 89 %, 10182 MiB
2026/10/02 07:24:46.740, 97 %, 10182 MiB
2026/10/02 07:25:46.747, 91 %, 10182 MiB
2026/10/02 07:26:46.754, 92 %, 10182 MiB
2026/10/02 07:27:46.761, 100 %, 10182 MiB
2026/10/02 07:28:46.767, 91 %, 10182 MiB
2026/10/02 07:29:46.774, 100 %, 10182 MiB
2026/10/02 07:30:46.781, 100 %, 10182 MiB
2026/10/02 07:31:46.787, 92 %, 10182 MiB
2026/10/02 07:32:46.794, 92 %, 10182 MiB
2026/10/02 07:33:46.801, 97 %, 10182 MiB
2026/10/02 07:34:46.808, 92 %, 10182 MiB
2026/10/02 07:35:46.815, 92 %, 10182 MiB
2026/10/02 07:36:46.821, 100 %, 10182 MiB
2026/10/02 07:37:46.828, 98 %, 10182 MiB
2026/10/02 07:38:46.835, 97 %, 10182 MiB
2026/10/02 07:39:46.842, 92 %, 10182 MiB
2026/10/02 07:40:46.849, 100 %, 10182 MiB
2026/10/02 07:41:46.856, 93 %, 10182 MiB
2026/10/02 07:42:46.862, 100 %, 10182 MiB
2026/10/02 07:43:46.869, 100 %, 10182 MiB
2026/10/02 07:44:46.876, 97 %, 10182 MiB
2026/10/02 07:45:46.882, 94 %, 10182 MiB
2026/10/02 07:46:46.889, 92 %, 10182 MiB
2026/10/02 07:47:46.896, 100 %, 10182 MiB
2026/10/02 07:48:46.902, 100 %, 10182 MiB
2026/10/02 07:49:46.909, 100 %, 10182 MiB
2026/10/02 07:50:46.915, 100 %, 10182 MiB
2026/10/02 07:51:46.922, 93 %, 10182 MiB
2026/10/02 07:52:46.930, 100 %, 10182 MiB
2026/10/02 07:53:46.937, 97 %, 10182 MiB
2026/10/02 07:54:46.944, 93 %, 10182 MiB
2026/10/02 07:55:46.951, 98 %, 10182 MiB
2026/10/02 07:56:46.957, 91 %, 10182 MiB
2026/10/02 07:57:46.964, 92 %, 10182 MiB
2026/10/02 07:58:46.971, 93 %, 10182 MiB
2026/10/02 07:59:46.978, 97 %, 10182 MiB
2026/10/02 08:00:46.985, 94 %, 10182 MiB
2026/10/02 08:01:46.992, 97 %, 10182 MiB
2026/10/02 08:02:46.998, 100 %, 10182 MiB
2026/10/02 08:03:47.005, 98 %, 10182 MiB
2026/10/02 08:04:47.011, 93 %, 10182 MiB
2026/10/02 08:05:47.017, 97 %, 10182 MiB
2026/10/02 08:06:47.024, 92 %, 10182 MiB
2026/10/02 08:07:47.031, 97 %, 10182 MiB
2026/10/02 08:08:47.038, 95 %, 10182 MiB
2026/10/02 08:09:47.045, 92 %, 10182 MiB
2026/10/02 08:10:47.051, 93 %, 10182 MiB
2026/10/02 08:11:47.058, 92 %, 10182 MiB
2026/10/02 08:12:47.065, 97 %, 10182 MiB
2026/10/02 08:13:47.072, 92 %, 10182 MiB
2026/10/02 08:14:47.079, 100 %, 10182 MiB
2026/10/02 08:15:47.085, 91 %, 10182 MiB
2026/10/02 08:16:47.092, 88 %, 10182 MiB
2026/10/02 08:17:47.099, 100 %, 10182 MiB
2026/10/02 08:18:47.105, 100 %, 10182 MiB
2026/10/02 08:19:47.113, 92 %, 10182 MiB
2026/10/02 08:20:47.119, 93 %, 10182 MiB
2026/10/02 08:21:47.126, 92 %, 10182 MiB
2026/10/02 08:22:47.132, 97 %, 10182 MiB
2026/10/02 08:23:47.139, 91 %, 10182 MiB
2026/10/02 08:24:47.146, 96 %, 10182 MiB
2026/10/02 08:25:47.153, 91 %, 10182 MiB
2026/10/02 08:26:47.160, 92 %, 10182 MiB
2026/10/02 08:27:47.168, 97 %, 10182 MiB
2026/10/02 08:28:47.174, 100 %, 10182 MiB
2026/10/02 08:29:47.181, 98 %, 10182 MiB
2026/10/02 08:30:47.188, 100 %, 10182 MiB
2026/10/02 08:31:47.195, 98 %, 10182 MiB
2026/10/02 08:32:47.201, 100 %, 10182 MiB
2026/10/02 08:33:47.208, 97 %, 10182 MiB
2026/10/02 08:34:47.215, 93 %, 10182 MiB
2026/10/02 08:35:47.222, 92 %, 10182 MiB
2026/10/02 08:36:47.229, 97 %, 10182 MiB
2026/10/02 08:37:47.235, 100 %, 10182 MiB
2026/10/02 08:38:47.242, 100 %, 10182 MiB
2026/10/02 08:39:47.249, 100 %, 10182 MiB
2026/10/02 08:40:47.256, 92 %, 10182 MiB
2026/10/02 08:41:47.262, 96 %, 10182 MiB
2026/10/02 08:42:47.269, 90 %, 10182 MiB
2026/10/02 08:43:47.275, 97 %, 10182 MiB
2026/10/02 08:44:47.282, 98 %, 10182 MiB
2026/10/02 08:45:47.289, 94 %, 10182 MiB
2026/10/02 08:46:47.296, 97 %, 10182 MiB
2026/10/02 08:47:47.302, 97 %, 10182 MiB
2026/10/02 08:48:47.309, 98 %, 10182 MiB
2026/10/02 08:49:47.316, 97 %, 10182 MiB
2026/10/02 08:50:47.323, 92 %, 10182 MiB
2026/10/02 08:51:47.330, 92 %, 10182 MiB
2026/10/02 08:52:47.337, 100 %, 10182 MiB
2026/10/02 08:53:47.344, 100 %, 10182 MiB
2026/10/02 08:54:47.351, 92 %, 10182 MiB
2026/10/02 08:55:47.358, 92 %, 10182 MiB
2026/10/02 08:56:47.365, 97 %, 10182 MiB
2026/10/02 08:57:47.372, 92 %, 10182 MiB
2026/10/02 08:58:47.379, 100 %, 10182 MiB
2026/10/02 08:59:47.386, 100 %, 10182 MiB
2026/10/02 09:00:47.392, 100 %, 10182 MiB
2026/10/02 09:01:47.399, 97 %, 10182 MiB
2026/10/02 09:02:47.406, 92 %, 10182 MiB
2026/10/02 09:03:47.412, 100 %, 10182 MiB
2026/10/02 09:04:47.419, 100 %, 10182 MiB
2026/10/02 09:05:47.426, 100 %, 10182 MiB
2026/10/02 09:06:47.433, 100 %, 10182 MiB
2026/10/02 09:07:47.440, 100 %, 10182 MiB
2026/10/02 09:08:47.446, 91 %, 10182 MiB
2026/10/02 09:09:47.453, 98 %, 10182 MiB
2026/10/02 09:10:47.459, 93 %, 10182 MiB
2026/10/02 09:11:47.466, 92 %, 10182 MiB
2026/10/02 09:12:47.472, 99 %, 10182 MiB
2026/10/02 09:13:47.479, 92 %, 10182 MiB
2026/10/02 09:14:47.486, 100 %, 10182 MiB
2026/10/02 09:15:47.493, 96 %, 10182 MiB
2026/10/02 09:16:47.500, 91 %, 10182 MiB
2026/10/02 09:17:47.506, 97 %, 10182 MiB
2026/10/02 09:18:47.513, 92 %, 10182 MiB
2026/10/02 09:19:47.520, 92 %, 10182 MiB
2026/10/02 09:20:47.526, 100 %, 10182 MiB
2026/10/02 09:21:47.533, 100 %, 10182 MiB
2026/10/02 09:22:47.539, 92 %, 10182 MiB
2026/10/02 09:23:47.546, 98 %, 10182 MiB
2026/10/02 09:24:47.553, 93 %, 10182 MiB
2026/10/02 09:25:47.560, 100 %, 10182 MiB
2026/10/02 09:26:47.566, 92 %, 10182 MiB
2026/10/02 09:27:47.572, 93 %, 10182 MiB
2026/10/02 09:28:47.579, 92 %, 10182 MiB
2026/10/02 09:29:47.586, 97 %, 10182 MiB
2026/10/02 09:30:47.593, 93 %, 10182 MiB
2026/10/02 09:31:47.600, 100 %, 10182 MiB
2026/10/02 09:32:47.607, 92 %, 10182 MiB
2026/10/02 09:33:47.614, 97 %, 10182 MiB
2026/10/02 09:34:47.621, 91 %, 10182 MiB
2026/10/02 09:35:47.628, 91 %, 10182 MiB
2026/10/02 09:36:47.635, 0 %, 10182 MiB
2026/10/02 09:37:47.642, 100 %, 10182 MiB
2026/10/02 09:38:47.649, 92 %, 10182 MiB
2026/10/02 09:39:47.656, 100 %, 10182 MiB
2026/10/02 09:40:47.663, 100 %, 10182 MiB
2026/10/02 09:41:47.669, 98 %, 10182 MiB
2026/10/02 09:42:47.676, 100 %, 10182 MiB
2026/10/02 09:43:47.683, 100 %, 10182 MiB
2026/10/02 09:44:47.690, 100 %, 10182 MiB
2026/10/02 09:45:47.696, 100 %, 10182 MiB
2026/10/02 09:46:47.703, 97 %, 10182 MiB
2026/10/02 09:47:47.710, 92 %, 10182 MiB
2026/10/02 09:48:47.716, 97 %, 10182 MiB
2026/10/02 09:49:47.723, 100 %, 10182 MiB
2026/10/02 09:50:47.730, 91 %, 10182 MiB
2026/10/02 09:51:47.737, 100 %, 10182 MiB
2026/10/02 09:52:47.743, 92 %, 10182 MiB
2026/10/02 09:53:47.750, 92 %, 10182 MiB
2026/10/02 09:54:47.756, 92 %, 10182 MiB
2026/10/02 09:55:47.762, 93 %, 10182 MiB
2026/10/02 09:56:47.769, 91 %, 10182 MiB
2026/10/02 09:57:47.775, 100 %, 10182 MiB
2026/10/02 09:58:47.782, 100 %, 10182 MiB
2026/10/02 09:59:47.788, 100 %, 10182 MiB
2026/10/02 10:00:47.795, 100 %, 10182 MiB
2026/10/02 10:01:47.802, 100 %, 10182 MiB
2026/10/02 10:02:47.809, 98 %, 10182 MiB
2026/10/02 10:03:47.815, 99 %, 10182 MiB
2026/10/02 10:04:47.821, 93 %, 10182 MiB
2026/10/02 10:05:47.828, 100 %, 10182 MiB
2026/10/02 10:06:47.834, 100 %, 10182 MiB
2026/10/02 10:07:47.840, 99 %, 10182 MiB
2026/10/02 10:08:47.847, 92 %, 10182 MiB
2026/10/02 10:09:47.853, 92 %, 10182 MiB
2026/10/02 10:10:47.860, 100 %, 10182 MiB
2026/10/02 10:11:47.866, 93 %, 10182 MiB
2026/10/02 10:12:47.873, 100 %, 10182 MiB
2026/10/02 10:13:47.879, 92 %, 10182 MiB
2026/10/02 10:14:47.885, 92 %, 10182 MiB
2026/10/02 10:15:47.893, 100 %, 10182 MiB
2026/10/02 10:16:47.900, 91 %, 10182 MiB
2026/10/02 10:17:47.907, 92 %, 10182 MiB
2026/10/02 10:18:47.914, 100 %, 10182 MiB
2026/10/02 10:19:47.920, 92 %, 10182 MiB
2026/10/02 10:20:47.927, 92 %, 10182 MiB
2026/10/02 10:21:47.934, 92 %, 10182 MiB
2026/10/02 10:22:47.941, 92 %, 10182 MiB
2026/10/02 10:23:47.947, 93 %, 10182 MiB
2026/10/02 10:24:47.955, 97 %, 10182 MiB
2026/10/02 10:25:47.962, 0 %, 10182 MiB
2026/10/02 10:26:47.968, 100 %, 10182 MiB
2026/10/02 10:27:47.975, 100 %, 10182 MiB
2026/10/02 10:28:47.981, 100 %, 10182 MiB
2026/10/02 10:29:47.988, 100 %, 10182 MiB
2026/10/02 10:30:47.995, 97 %, 10182 MiB
2026/10/02 10:31:48.001, 92 %, 10182 MiB
2026/10/02 10:32:48.008, 91 %, 10182 MiB
2026/10/02 10:33:48.015, 99 %, 10182 MiB
2026/10/02 10:34:48.021, 94 %, 10182 MiB
2026/10/02 10:35:48.027, 97 %, 10182 MiB
2026/10/02 10:36:48.034, 100 %, 10182 MiB
2026/10/02 10:37:48.041, 100 %, 10182 MiB
2026/10/02 10:38:48.048, 92 %, 10182 MiB
2026/10/02 10:39:48.055, 92 %, 10182 MiB
2026/10/02 10:40:48.062, 100 %, 10182 MiB
2026/10/02 10:41:48.069, 92 %, 10182 MiB
2026/10/02 10:42:48.076, 93 %, 10182 MiB
2026/10/02 10:43:48.083, 100 %, 10182 MiB
2026/10/02 10:44:48.089, 91 %, 10182 MiB
2026/10/02 10:45:48.096, 97 %, 10182 MiB
2026/10/02 10:46:48.102, 100 %, 10182 MiB
2026/10/02 10:47:48.109, 92 %, 10182 MiB
2026/10/02 10:48:48.116, 100 %, 10182 MiB
2026/10/02 10:49:48.123, 93 %, 10182 MiB
2026/10/02 10:50:48.130, 97 %, 10182 MiB
2026/10/02 10:51:48.136, 91 %, 10182 MiB
2026/10/02 10:52:48.142, 92 %, 10182 MiB
2026/10/02 10:53:48.149, 99 %, 10182 MiB
2026/10/02 10:54:48.155, 97 %, 10182 MiB
2026/10/02 10:55:48.163, 97 %, 10182 MiB
2026/10/02 10:56:48.169, 91 %, 10182 MiB
2026/10/02 10:57:48.176, 97 %, 10182 MiB
2026/10/02 10:58:48.182, 92 %, 10182 MiB
2026/10/02 10:59:48.189, 92 %, 10182 MiB
2026/10/02 11:00:48.196, 100 %, 10182 MiB
2026/10/02 11:01:48.203, 100 %, 10182 MiB
2026/10/02 11:02:48.210, 100 %, 10182 MiB
2026/10/02 11:03:48.216, 100 %, 10182 MiB
2026/10/02 11:04:48.223, 92 %, 10182 MiB
2026/10/02 11:05:48.230, 100 %, 10182 MiB
2026/10/02 11:06:48.237, 92 %, 10182 MiB
2026/10/02 11:07:48.244, 94 %, 10182 MiB
2026/10/02 11:08:48.251, 91 %, 10182 MiB
2026/10/02 11:09:48.258, 98 %, 10182 MiB
2026/10/02 11:10:48.266, 92 %, 10182 MiB
2026/10/02 11:11:48.273, 97 %, 10182 MiB
2026/10/02 11:12:48.279, 94 %, 10182 MiB
2026/10/02 11:13:48.285, 97 %, 10182 MiB
2026/10/02 11:14:48.292, 0 %, 10182 MiB
2026/10/02 11:15:48.298, 100 %, 10182 MiB
2026/10/02 11:16:48.305, 92 %, 10182 MiB
2026/10/02 11:17:48.312, 97 %, 10182 MiB
2026/10/02 11:18:48.318, 93 %, 10182 MiB
2026/10/02 11:19:48.325, 100 %, 10182 MiB
2026/10/02 11:20:48.331, 100 %, 10182 MiB
2026/10/02 11:21:48.338, 100 %, 10182 MiB
2026/10/02 11:22:48.344, 100 %, 10182 MiB
2026/10/02 11:23:48.351, 100 %, 10182 MiB
2026/10/02 11:24:48.358, 94 %, 10182 MiB
2026/10/02 11:25:48.364, 92 %, 10182 MiB
2026/10/02 11:26:48.371, 100 %, 10182 MiB
2026/10/02 11:27:48.379, 93 %, 10182 MiB
2026/10/02 11:28:48.386, 92 %, 10182 MiB
2026/10/02 11:29:48.392, 100 %, 10182 MiB
2026/10/02 11:30:48.399, 100 %, 10182 MiB
2026/10/02 11:31:48.405, 100 %, 10182 MiB
2026/10/02 11:32:48.412, 98 %, 10182 MiB
2026/10/02 11:33:48.419, 98 %, 10182 MiB
2026/10/02 11:34:48.425, 100 %, 10182 MiB
2026/10/02 11:35:48.432, 92 %, 10182 MiB
2026/10/02 11:36:48.439, 93 %, 10182 MiB
2026/10/02 11:37:48.446, 100 %, 10182 MiB
2026/10/02 11:38:48.452, 92 %, 10182 MiB
2026/10/02 11:39:48.459, 98 %, 10182 MiB
2026/10/02 11:40:48.465, 87 %, 10182 MiB
2026/10/02 11:41:48.472, 92 %, 10182 MiB
2026/10/02 11:42:48.479, 100 %, 10182 MiB
2026/10/02 11:43:48.486, 93 %, 10182 MiB
2026/10/02 11:44:48.493, 93 %, 10182 MiB
2026/10/02 11:45:48.500, 93 %, 10182 MiB
2026/10/02 11:46:48.507, 92 %, 10182 MiB
2026/10/02 11:47:48.514, 97 %, 10182 MiB
2026/10/02 11:48:48.521, 97 %, 10182 MiB
2026/10/02 11:49:48.528, 97 %, 10182 MiB
2026/10/02 11:50:48.535, 88 %, 10182 MiB
2026/10/02 11:51:48.542, 100 %, 10182 MiB
2026/10/02 11:52:48.549, 85 %, 10182 MiB
2026/10/02 11:53:48.556, 92 %, 10182 MiB
2026/10/02 11:54:48.563, 100 %, 10182 MiB
2026/10/02 11:55:48.570, 97 %, 10182 MiB
2026/10/02 11:56:48.577, 91 %, 10182 MiB
2026/10/02 11:57:48.585, 99 %, 10182 MiB
2026/10/02 11:58:48.591, 92 %, 10182 MiB
2026/10/02 11:59:48.598, 97 %, 10182 MiB
2026/10/02 12:00:48.605, 92 %, 10182 MiB
2026/10/02 12:01:48.612, 97 %, 10182 MiB
2026/10/02 12:02:48.619, 91 %, 10182 MiB
2026/10/02 12:03:48.626, 0 %, 10182 MiB
2026/10/02 12:04:48.633, 100 %, 10182 MiB
2026/10/02 12:05:48.639, 92 %, 10182 MiB
2026/10/02 12:06:48.646, 94 %, 10182 MiB
2026/10/02 12:07:48.653, 92 %, 10182 MiB
2026/10/02 12:08:48.659, 93 %, 10182 MiB
2026/10/02 12:09:48.666, 91 %, 10182 MiB
2026/10/02 12:10:48.673, 97 %, 10182 MiB
2026/10/02 12:11:48.680, 94 %, 10182 MiB
2026/10/02 12:12:48.687, 92 %, 10182 MiB
2026/10/02 12:13:48.693, 98 %, 10182 MiB
2026/10/02 12:14:48.700, 100 %, 10182 MiB
2026/10/02 12:15:48.707, 92 %, 10182 MiB
2026/10/02 12:16:48.713, 100 %, 10182 MiB
2026/10/02 12:17:48.720, 100 %, 10182 MiB
2026/10/02 12:18:48.726, 97 %, 10182 MiB
2026/10/02 12:19:48.733, 92 %, 10182 MiB
2026/10/02 12:20:48.740, 100 %, 10182 MiB
2026/10/02 12:21:48.747, 93 %, 10182 MiB
2026/10/02 12:22:48.753, 90 %, 10182 MiB
2026/10/02 12:23:48.760, 92 %, 10182 MiB
2026/10/02 12:24:48.767, 93 %, 10182 MiB
2026/10/02 12:25:48.774, 100 %, 10182 MiB
2026/10/02 12:26:48.781, 100 %, 10182 MiB
2026/10/02 12:27:48.788, 92 %, 10182 MiB
2026/10/02 12:28:48.796, 100 %, 10182 MiB
2026/10/02 12:29:48.802, 91 %, 10182 MiB
2026/10/02 12:30:48.809, 97 %, 10182 MiB
2026/10/02 12:31:48.816, 92 %, 10182 MiB
2026/10/02 12:32:48.824, 92 %, 10182 MiB
2026/10/02 12:33:48.830, 91 %, 10182 MiB
2026/10/02 12:34:48.837, 97 %, 10182 MiB
2026/10/02 12:35:48.843, 92 %, 10182 MiB
2026/10/02 12:36:48.849, 93 %, 10182 MiB
2026/10/02 12:37:48.856, 100 %, 10182 MiB
2026/10/02 12:38:48.863, 97 %, 10182 MiB
2026/10/02 12:39:48.870, 92 %, 10182 MiB
2026/10/02 12:40:48.877, 100 %, 10182 MiB
2026/10/02 12:41:48.884, 91 %, 10182 MiB
2026/10/02 12:42:48.891, 92 %, 10182 MiB
2026/10/02 12:43:48.898, 100 %, 10182 MiB
2026/10/02 12:44:48.905, 100 %, 10182 MiB
2026/10/02 12:45:48.912, 100 %, 10182 MiB
2026/10/02 12:46:48.918, 92 %, 10182 MiB
2026/10/02 12:47:48.924, 100 %, 10182 MiB
2026/10/02 12:48:48.931, 93 %, 10182 MiB
2026/10/02 12:49:48.937, 92 %, 10182 MiB
2026/10/02 12:50:48.944, 100 %, 10182 MiB
2026/10/02 12:51:48.950, 92 %, 10182 MiB
2026/10/02 12:52:48.957, 0 %, 10182 MiB
2026/10/02 12:53:48.964, 92 %, 10182 MiB
2026/10/02 12:54:48.970, 97 %, 10182 MiB
2026/10/02 12:55:48.977, 92 %, 10182 MiB
2026/10/02 12:56:48.984, 97 %, 10182 MiB
2026/10/02 12:57:48.991, 92 %, 10182 MiB
2026/10/02 12:58:48.998, 98 %, 10182 MiB
2026/10/02 12:59:49.004, 92 %, 10182 MiB
2026/10/02 13:00:49.011, 92 %, 10182 MiB
2026/10/02 13:01:49.018, 93 %, 10182 MiB
2026/10/02 13:02:49.025, 100 %, 10182 MiB
2026/10/02 13:03:49.032, 97 %, 10182 MiB
2026/10/02 13:04:49.039, 92 %, 10182 MiB
2026/10/02 13:05:49.046, 98 %, 10182 MiB
2026/10/02 13:06:49.053, 91 %, 10182 MiB
2026/10/02 13:07:49.060, 92 %, 10182 MiB
2026/10/02 13:08:49.067, 100 %, 10182 MiB
2026/10/02 13:09:49.073, 97 %, 10182 MiB
2026/10/02 13:10:49.080, 100 %, 10182 MiB
2026/10/02 13:11:49.087, 100 %, 10182 MiB
2026/10/02 13:12:49.094, 94 %, 10182 MiB
2026/10/02 13:13:49.101, 100 %, 10182 MiB
2026/10/02 13:14:49.107, 94 %, 10182 MiB
2026/10/02 13:15:49.114, 90 %, 10182 MiB
2026/10/02 13:16:49.120, 97 %, 10182 MiB
2026/10/02 13:17:49.127, 100 %, 10182 MiB
2026/10/02 13:18:49.134, 97 %, 10182 MiB
2026/10/02 13:19:49.141, 100 %, 10182 MiB
2026/10/02 13:20:49.148, 99 %, 10182 MiB
2026/10/02 13:21:49.155, 100 %, 10182 MiB
2026/10/02 13:22:49.162, 92 %, 10182 MiB
2026/10/02 13:23:49.169, 93 %, 10182 MiB
2026/10/02 13:24:49.175, 92 %, 10182 MiB
2026/10/02 13:25:49.182, 92 %, 10182 MiB
2026/10/02 13:26:49.189, 93 %, 10182 MiB
2026/10/02 13:27:49.196, 92 %, 10182 MiB
2026/10/02 13:28:49.203, 92 %, 10182 MiB
2026/10/02 13:29:49.209, 100 %, 10182 MiB
2026/10/02 13:30:49.216, 93 %, 10182 MiB
2026/10/02 13:31:49.223, 97 %, 10182 MiB
2026/10/02 13:32:49.229, 92 %, 10182 MiB
2026/10/02 13:33:49.236, 93 %, 10182 MiB
2026/10/02 13:34:49.242, 100 %, 10182 MiB
2026/10/02 13:35:49.249, 100 %, 10182 MiB
2026/10/02 13:36:49.256, 92 %, 10182 MiB
2026/10/02 13:37:49.263, 93 %, 10182 MiB
2026/10/02 13:38:49.270, 92 %, 10182 MiB
2026/10/02 13:39:49.277, 93 %, 10182 MiB
2026/10/02 13:40:49.284, 100 %, 10182 MiB
2026/10/02 13:41:49.291, 7 %, 10182 MiB
2026/10/02 13:42:49.298, 92 %, 10182 MiB
2026/10/02 13:43:49.306, 97 %, 10182 MiB
2026/10/02 13:44:49.313, 92 %, 10182 MiB
2026/10/02 13:45:49.320, 97 %, 10182 MiB
2026/10/02 13:46:49.326, 92 %, 10182 MiB
2026/10/02 13:47:49.334, 97 %, 10182 MiB
2026/10/02 13:48:49.340, 100 %, 10182 MiB
2026/10/02 13:49:49.347, 100 %, 10182 MiB
2026/10/02 13:50:49.354, 100 %, 10182 MiB
2026/10/02 13:51:49.361, 92 %, 10182 MiB
2026/10/02 13:52:49.368, 93 %, 10182 MiB
2026/10/02 13:53:49.375, 93 %, 10182 MiB
2026/10/02 13:54:49.382, 97 %, 10182 MiB
2026/10/02 13:55:49.389, 93 %, 10182 MiB
2026/10/02 13:56:49.396, 100 %, 10182 MiB
2026/10/02 13:57:49.403, 92 %, 10182 MiB
2026/10/02 13:58:49.410, 92 %, 10182 MiB
2026/10/02 13:59:49.417, 92 %, 10182 MiB
2026/10/02 14:00:49.424, 92 %, 10182 MiB
2026/10/02 14:01:49.431, 97 %, 10182 MiB
2026/10/02 14:02:49.437, 97 %, 10182 MiB
2026/10/02 14:03:49.444, 92 %, 10182 MiB
2026/10/02 14:04:49.450, 97 %, 10182 MiB
2026/10/02 14:05:49.457, 92 %, 10182 MiB
2026/10/02 14:06:49.464, 100 %, 10182 MiB
2026/10/02 14:07:49.470, 100 %, 10182 MiB
2026/10/02 14:08:49.477, 90 %, 10182 MiB
2026/10/02 14:09:49.484, 92 %, 10182 MiB
2026/10/02 14:10:49.491, 98 %, 10182 MiB
2026/10/02 14:11:49.497, 92 %, 10182 MiB
2026/10/02 14:12:49.504, 92 %, 10182 MiB
2026/10/02 14:13:49.511, 92 %, 10182 MiB
2026/10/02 14:14:49.519, 97 %, 10182 MiB
2026/10/02 14:15:49.525, 100 %, 10182 MiB
2026/10/02 14:16:49.532, 92 %, 10182 MiB
2026/10/02 14:17:49.538, 92 %, 10182 MiB
2026/10/02 14:18:49.545, 100 %, 10182 MiB
2026/10/02 14:19:49.552, 92 %, 10182 MiB
2026/10/02 14:20:49.559, 100 %, 10182 MiB
2026/10/02 14:21:49.565, 92 %, 10182 MiB
2026/10/02 14:22:49.572, 97 %, 10182 MiB
2026/10/02 14:23:49.578, 100 %, 10182 MiB
2026/10/02 14:24:49.585, 94 %, 10182 MiB
2026/10/02 14:25:49.592, 97 %, 10182 MiB
2026/10/02 14:26:49.599, 92 %, 10182 MiB
2026/10/02 14:27:49.605, 92 %, 10182 MiB
2026/10/02 14:28:49.612, 91 %, 10182 MiB
2026/10/02 14:29:49.619, 92 %, 10182 MiB
2026/10/02 14:30:49.625, 93 %, 10182 MiB
2026/10/02 14:31:49.632, 91 %, 10182 MiB
2026/10/02 14:32:49.638, 91 %, 10182 MiB
2026/10/02 14:33:49.645, 92 %, 10182 MiB
2026/10/02 14:34:49.652, 100 %, 10182 MiB
2026/10/02 14:35:49.658, 99 %, 10182 MiB
2026/10/02 14:36:49.665, 97 %, 10182 MiB
2026/10/02 14:37:49.672, 100 %, 10182 MiB
2026/10/02 14:38:49.679, 92 %, 10182 MiB
2026/10/02 14:39:49.686, 92 %, 10182 MiB
2026/10/02 14:40:49.693, 98 %, 10182 MiB
2026/10/02 14:41:49.699, 92 %, 10182 MiB
2026/10/02 14:42:49.706, 84 %, 10182 MiB
2026/10/02 14:43:49.713, 93 %, 10182 MiB
2026/10/02 14:44:49.719, 92 %, 10182 MiB
2026/10/02 14:45:49.726, 97 %, 10182 MiB
2026/10/02 14:46:49.733, 93 %, 10182 MiB
2026/10/02 14:47:49.740, 97 %, 10182 MiB
2026/10/02 14:48:49.747, 98 %, 10182 MiB
2026/10/02 14:49:49.753, 100 %, 10182 MiB
2026/10/02 14:50:49.760, 100 %, 10182 MiB
2026/10/02 14:51:49.767, 94 %, 10182 MiB
2026/10/02 14:52:49.774, 97 %, 10182 MiB
2026/10/02 14:53:49.781, 92 %, 10182 MiB
2026/10/02 14:54:49.788, 97 %, 10182 MiB
2026/10/02 14:55:49.794, 91 %, 10182 MiB
2026/10/02 14:56:49.801, 92 %, 10182 MiB
2026/10/02 14:57:49.807, 100 %, 10182 MiB
2026/10/02 14:58:49.814, 92 %, 10182 MiB
2026/10/02 14:59:49.821, 94 %, 10182 MiB
2026/10/02 15:00:49.828, 91 %, 10182 MiB
2026/10/02 15:01:49.834, 92 %, 10182 MiB
2026/10/02 15:02:49.840, 92 %, 10182 MiB
2026/10/02 15:03:49.848, 100 %, 10182 MiB
2026/10/02 15:04:49.855, 92 %, 10182 MiB
2026/10/02 15:05:49.861, 92 %, 10182 MiB
2026/10/02 15:06:49.868, 97 %, 10182 MiB
2026/10/02 15:07:49.874, 97 %, 10182 MiB
2026/10/02 15:08:49.881, 92 %, 10182 MiB
2026/10/02 15:09:49.888, 97 %, 10182 MiB
2026/10/02 15:10:49.895, 100 %, 10182 MiB
2026/10/02 15:11:49.901, 100 %, 10182 MiB
2026/10/02 15:12:49.908, 92 %, 10182 MiB
2026/10/02 15:13:49.915, 97 %, 10182 MiB
2026/10/02 15:14:49.922, 92 %, 10182 MiB
2026/10/02 15:15:49.929, 100 %, 10182 MiB
2026/10/02 15:16:49.935, 100 %, 10182 MiB
2026/10/02 15:17:49.942, 97 %, 10182 MiB
2026/10/02 15:18:49.949, 100 %, 10182 MiB
2026/10/02 15:19:49.956, 100 %, 10182 MiB
2026/10/02 15:20:49.963, 91 %, 10182 MiB
2026/10/02 15:21:49.970, 92 %, 10182 MiB
2026/10/02 15:22:49.976, 92 %, 10182 MiB
2026/10/02 15:23:49.984, 92 %, 10182 MiB
2026/10/02 15:24:49.991, 92 %, 10182 MiB
2026/10/02 15:25:49.998, 100 %, 10182 MiB
2026/10/02 15:26:50.004, 92 %, 10182 MiB
2026/10/02 15:27:50.011, 93 %, 10182 MiB
2026/10/02 15:28:50.018, 92 %, 10182 MiB
2026/10/02 15:29:50.024, 92 %, 10182 MiB
2026/10/02 15:30:50.030, 93 %, 10182 MiB
2026/10/02 15:31:50.038, 100 %, 10182 MiB
2026/10/02 15:32:50.045, 93 %, 10182 MiB
2026/10/02 15:33:50.052, 92 %, 10182 MiB
2026/10/02 15:34:50.059, 100 %, 10182 MiB
2026/10/02 15:35:50.066, 92 %, 10182 MiB
2026/10/02 15:36:50.072, 92 %, 10182 MiB
2026/10/02 15:37:50.079, 100 %, 10182 MiB
2026/10/02 15:38:50.086, 92 %, 10182 MiB
2026/10/02 15:39:50.093, 92 %, 10182 MiB
2026/10/02 15:40:50.100, 97 %, 10182 MiB
2026/10/02 15:41:50.106, 92 %, 10182 MiB
2026/10/02 15:42:50.112, 100 %, 10182 MiB
2026/10/02 15:43:50.119, 100 %, 10182 MiB
2026/10/02 15:44:50.125, 0 %, 10182 MiB
2026/10/02 15:45:50.132, 0 %, 0 MiB
2026/10/02 15:46:50.139, 0 %, 0 MiB
2026/10/02 15:47:50.145, 0 %, 0 MiB
2026/10/02 15:48:50.151, 0 %, 0 MiB
2026/10/02 15:49:50.158, 0 %, 0 MiB
2026/10/02 15:50:50.165, 0 %, 0 MiB
2026/10/02 15:51:50.172, 0 %, 0 MiB
2026/10/02 15:52:50.178, 0 %, 0 MiB
2026/10/02 15:53:50.185, 0 %, 0 MiB
2026/10/02 15:54:50.192, 0 %, 0 MiB
2026/10/02 15:55:50.198, 0 %, 0 MiB
